filename,id,keyword,photographer,score,blue_ratio,core_blue_ratio,vivid_blue_ratio,high_saturation_ratio,mean_saturation,mean_value,blue_saturation,blue_value,mean_blue_hue,target_hue_distance,target_hue_similarity,neutral_dark_ratio,white_ratio,grey_ratio,cyan_green_ratio,purple_ratio
sea_001.jpg,9lraaJCK2Vk,royal blue sea surface texture,Miguel Pérez,114.33427878662391,1.0,1.0,1.0,1.0,0.9771000146865845,0.8534972667694092,0.9771000146865845,0.8534972667694092,0.6091680526733398,0.0019430584377713167,0.9838078463519057,0.0,0.0,0.0,0.0,0.0
sea_002.jpg,KMJfM0GaL_A,vivid cobalt blue underwater,Max Harlynking,113.9039925797205,1.0,0.9677902621722847,0.9999906367041198,0.9999906367041198,0.9809134602546692,0.9167008399963379,0.9809134602546692,0.9167008399963379,0.6122636795043945,0.0011525683932833708,0.9903952633893053,0.0,0.0,0.0,0.0,0.0
sea_003.jpg,i0p916iq-ew,vivid cobalt blue underwater,Toa Heftiba,113.48262907760817,1.0,0.9710486891385768,1.0,1.0,0.9870233535766602,0.8131877779960632,0.9870233535766602,0.8131877779960632,0.6025819778442383,0.00852913326687288,0.928923889442726,0.0,0.0,0.0,0.0,0.0
sea_004.jpg,iYdycsFWMK0,royal blue sea surface texture,A. I.,112.95419838529415,1.0,0.9669642857142857,1.0,1.0,0.9655038714408875,0.6931838989257812,0.9655038714408875,0.6931838989257812,0.6028041839599609,0.008306927151150223,0.9307756070737482,0.0,0.0,0.0,0.0,0.0
sea_005.jpg,xpyFyupfamQ,vivid cobalt blue underwater,Emanuel Haas,112.80042117040651,0.9969288389513109,0.9542415730337078,0.9965917602996255,0.9985955056179775,0.9897094368934631,0.4251043200492859,0.9906101226806641,0.42337384819984436,0.6002863645553589,0.010824746555752274,0.9097937787020643,0.0,0.0,0.0,0.0029213483146067415,0.0
sea_006.jpg,B2_p8XbbMgQ,vivid cobalt blue underwater,Kristin Hoel,112.7081627636634,0.9999726277372263,0.9998448905109489,0.9997080291970802,0.9997080291970802,0.9207396507263184,0.6781409382820129,0.9207527041435242,0.6781322360038757,0.6175398826599121,0.006428771548800949,0.946426903759992,0.0,0.0,0.0,0.0,0.0
sea_007.jpg,4f0biSTfW3k,ultramarine ocean water texture,Francesco Ungaro,112.59460191338746,0.9960674157303371,0.9699906367041199,0.9944475655430711,0.9944475655430711,0.9302878975868225,0.5368960499763489,0.9330203533172607,0.5370948910713196,0.6113267540931702,0.00021564298205900556,0.9982029751495083,0.0,0.0,0.0018352059925093632,0.0,0.0
sea_008.jpg,l5MBJ-XKdn0,vivid cobalt blue underwater,Adrian Diaz-Sieckel,112.41679861588277,0.999437984496124,0.9919864341085272,0.9976937984496124,0.9976937984496124,0.9864914417266846,0.5781115889549255,0.9868376851081848,0.5778743624687195,0.6357829570770264,0.024671845965915207,0.7944012836173733,0.0,9.689922480620156e-06,9.689922480620156e-06,0.0,0.0
sea_009.jpg,AD-oSUTqiB8,royal blue sea surface texture,Tamanna Rumee,111.81855910333752,1.0,0.9995037453183521,0.9895037453183521,0.9895037453183521,0.8783972859382629,0.5204048156738281,0.8783972859382629,0.5204048156738281,0.6089227795600891,0.002188331551022049,0.9817639037414829,0.0,0.0,0.0,0.0,0.0
sea_010.jpg,YHe0kCL-8i8,ultramarine ocean water texture,boris misevic,111.06761150303593,0.9999555555555556,0.9996222222222222,0.9981777777777778,0.9982222222222222,0.8463773727416992,0.6012616753578186,0.84637051820755,0.6012851595878601,0.6052423119544983,0.0058687991566128694,0.9510933403615595,0.0,0.0,0.0,0.0,4.4444444444444447e-05
sea_011.jpg,PQwhtnon5R0,royal blue sea surface texture,Daniel Olah,110.85677866582517,1.0,1.0,1.0,1.0,0.8194393515586853,0.3134007155895233,0.8194393515586853,0.3134007155895233,0.6090604662895203,0.0020506448215908968,0.9829112931534092,0.0,0.0,0.0,0.0,0.0
sea_012.jpg,Qn98r9k8mv8,vivid cobalt blue underwater,Grant Cai,110.35791316748019,0.9990416666666667,0.9288166666666666,0.9646416666666666,0.9646416666666666,0.9128262996673584,0.7323806285858154,0.9133210778236389,0.7321317195892334,0.6153497695922852,0.004238658481173996,0.9646778459902167,0.0,0.0,0.0,2.5e-05,0.0
sea_013.jpg,3ADUM0IutFA,saturated blue ocean underwater,Juan Albarran,110.30348253043353,1.0,0.9974531835205992,0.9867883895131087,0.9867883895131087,0.8394668698310852,0.43340814113616943,0.8394668698310852,0.43340814113616943,0.6024399399757385,0.008671171135372635,0.9277402405385614,0.0,0.0,0.0,0.0,0.0
sea_014.jpg,FKsm2MJ1ME8,deep royal blue underwater,Max Harlynking,110.09241340252841,0.9832865168539325,0.9207865168539325,0.9722659176029963,0.9745318352059925,0.9184210300445557,0.6716119050979614,0.9282084107398987,0.672344446182251,0.613398551940918,0.0022874408298068083,0.9809379930849432,0.0,0.0012359550561797752,0.005814606741573034,0.0022659176029962546,0.0
sea_015.jpg,iwBPEw_Oq5k,royal blue sea surface texture,engin akyurt,109.63696401392079,1.0,1.0,0.9998876404494382,0.9998876404494382,0.7681060433387756,0.4937485456466675,0.7681060433387756,0.4937485456466675,0.6142070889472961,0.003095977836184982,0.9742001846984585,0.0,0.0,0.0,0.0,0.0
sea_016.jpg,BG5NE9gW4yQ,royal blue sea surface texture,EJ Strat,109.61069792992627,0.9796222222222222,0.9670333333333333,0.9795222222222222,0.9982666666666666,0.9629080891609192,0.7795565128326416,0.9640571475028992,0.7953748106956482,0.6421147584915161,0.031003647380404953,0.7416362718299587,0.0011333333333333334,0.0,0.0010777777777777778,0.00018888888888888888,0.0025555555555555557
sea_017.jpg,WoLPmcftPrY,royal blue sea surface texture,Daniele Levis Pelusi,109.5644525766591,0.9992883895131086,0.9945786516853933,0.9963576779026218,0.9963576779026218,0.8338842988014221,0.8392509818077087,0.8341756463050842,0.8391500115394592,0.592485249042511,0.018625862068600174,0.8447844827616652,0.0,0.0,0.0,0.0,0.0
sea_018.jpg,dRltIJMupdc,saturated blue ocean underwater,Jeremy Bishop,109.4371714371103,0.9858052434456929,0.8773314606741573,0.979494382022472,0.9896722846441948,0.9698499441146851,0.16273614764213562,0.9734306335449219,0.1602196991443634,0.5923610329627991,0.018750078148312088,0.8437493487640659,0.0,5.617977528089888e-05,0.000299625468164794,0.0028558052434456927,0.0
sea_019.jpg,XXBgxhS_-vc,royal blue sea surface texture,Nick Fewings,109.3957707926079,1.0,1.0,1.0,1.0,0.7911272048950195,0.823386013507843,0.7911272048950195,0.823386013507843,0.5990027785301208,0.01210833258099031,0.8990972284917474,0.0,0.0,0.0,0.0,0.0
sea_020.jpg,WZ2eg0HSWtg,royal blue sea surface texture,Tamanna Rumee,109.20883941362464,0.9999812734082397,0.9904868913857678,0.9408333333333333,0.9408333333333333,0.8283891677856445,0.5797183513641357,0.8283963203430176,0.5797125101089478,0.611937940120697,0.000826829009585861,0.9931097582534512,0.0,0.0,0.0,0.0,0.0
sea_021.jpg,VLfXjAYstoI,ultramarine ocean water texture,Jeremy Bishop,108.7768652483269,1.0,1.0,1.0,1.0,0.7783243656158447,0.43001946806907654,0.7783243656158447,0.43001946806907654,0.5949558615684509,0.016155249542660233,0.8653729204778313,0.0,0.0,0.0,0.0,0.0
sea_022.jpg,OmeM44n-CKo,royal blue sea surface texture,Stephane YAICH,108.69487293536774,0.9840471698113208,0.970745283018868,0.9663396226415094,0.9663396226415094,0.8176174759864807,0.6990086436271667,0.8242813944816589,0.6957034468650818,0.6079358458518982,0.003175265259212967,0.9735394561732252,0.0,0.0,0.0,0.0,0.0
sea_023.jpg,5qqWl9-O-so,royal blue sea surface texture,Bekky Bekks,108.02475982343162,0.9948501872659176,0.7283239700374532,0.9936423220973782,0.9980524344569288,0.9718571305274963,0.9775056838989258,0.9725891947746277,0.9774567484855652,0.5987948179244995,0.012316293186611649,0.897364223444903,0.0,4.6816479400749066e-05,9.363295880149813e-05,0.004569288389513109,0.0
sea_024.jpg,8CvIK8QH3WM,saturated blue ocean underwater,Krzysztof Kowalik,107.77218302608773,0.99395,0.9698916666666667,0.9315916666666667,0.9315916666666667,0.8662192225456238,0.6696876287460327,0.869178295135498,0.6681098341941833,0.5930257439613342,0.018085367149776932,0.8492886070851922,0.0,2.5e-05,3.3333333333333335e-05,0.0,0.0
sea_025.jpg,uLpWUd5RlMY,royal blue sea surface texture,engin akyurt,107.65620932702664,0.9999416666666666,0.9992916666666667,0.9941666666666666,0.9941666666666666,0.705394983291626,0.5656659007072449,0.7054128646850586,0.5656583309173584,0.6030367016792297,0.008074409431881424,0.9327132547343214,0.0,0.0,0.0,0.0,0.0
sea_026.jpg,oe25dLOXpL8,vivid cobalt blue underwater,David Clode,107.3120577776578,0.9557976653696498,0.9475583657587549,0.9536770428015564,0.9651264591439689,0.9652406573295593,0.8360118865966797,0.9873148798942566,0.8516607880592346,0.6478270292282104,0.03671591811709929,0.6940340156908392,9.72762645914397e-06,0.0001848249027237354,0.006799610894941634,4.863813229571985e-05,0.005243190661478599
sea_027.jpg,zXVKDO2ddk4,vivid cobalt blue underwater,𝕶𝖚𝖒𝖆𝖘 𝕿𝖆𝖛𝖊𝖗𝖓𝖊,107.05229149410171,0.9846802325581395,0.8834399224806202,0.9846705426356589,0.9967441860465116,0.9930264353752136,0.4264644980430603,0.9973830580711365,0.43285778164863586,0.6663820147514343,0.055270903640323166,0.5394091363306402,0.0032170542635658913,0.0,0.0032170542635658913,0.0,0.00022286821705426357
sea_028.jpg,3TKaTg3_Iuw,deep royal blue underwater,Jakob Owens,106.07034115759942,0.9501756198347108,0.8529752066115702,0.9467768595041323,0.9680681818181818,0.9465014934539795,0.6396904587745667,0.967643678188324,0.6593174934387207,0.5958307981491089,0.015280312962002274,0.872664058649981,0.00014462809917355373,0.0,0.012334710743801653,0.028367768595041323,0.0
sea_029.jpg,4x3VAM19wDA,royal blue sea surface texture,Pawel Czerwinski,105.94130971912539,0.972940074906367,0.9417415730337079,0.9270786516853933,0.9270786516853933,0.8537293076515198,0.35495588183403015,0.8678852319717407,0.34745046496391296,0.5898838043212891,0.021227306789822098,0.8231057767514824,0.0,0.0,0.00149812734082397,0.0,0.0
sea_030.jpg,O-wVcu8cpIg,deep royal blue underwater,Gerald Schömbs,104.8147408734229,0.9991947565543071,0.6753370786516854,0.9991947565543071,1.0,0.9079916477203369,0.3738110065460205,0.9080557823181152,0.37353837490081787,0.5840803980827332,0.027030713028378006,0.7747440580968499,0.0,0.0,0.0,0.0008052434456928839,0.0
sea_031.jpg,BawjznQ3Q8U,royal blue sea surface texture,engin akyurt,104.09111450663617,1.0,0.9999812734082397,0.9185486891385768,0.9185486891385768,0.677918553352356,0.6396937370300293,0.677918553352356,0.6396937370300293,0.5945605039596558,0.0165506071514554,0.8620782737378716,0.0,0.0,0.0,0.0,0.0
sea_032.jpg,wdQPKx006tI,vivid cobalt blue underwater,8kka ame,104.02588677077118,0.9165444444444445,0.8164333333333333,0.9165444444444445,0.9709555555555556,0.9587238430976868,0.5666883587837219,0.9873675107955933,0.6093623042106628,0.6142449378967285,0.003133826785617355,0.9738847767865221,0.02892222222222222,0.0,0.02892222222222222,0.007511111111111111,0.0023
sea_033.jpg,GgIha3X0EpA,vivid cobalt blue underwater,Ali Raoufian,103.94106960293806,1.0,0.8631444444444445,0.9688222222222223,0.9688222222222223,0.8356732726097107,0.6281720399856567,0.8356732726097107,0.6281720399856567,0.6596512198448181,0.048540108733706955,0.5954990938857754,0.0,0.0,0.0,0.0,0.0
sea_034.jpg,PXI-WcJxlok,vivid cobalt blue underwater,Emanuel Haas,103.75306675461299,0.9535580524344569,0.7718632958801498,0.9168632958801498,0.9168632958801498,0.9153825640678406,0.3157415986061096,0.9475153088569641,0.2957788109779358,0.5983595252037048,0.012751585907406326,0.8937367841049473,0.0,0.0024812734082397003,0.018408239700374533,0.0,1.8726591760299626e-05
sea_035.jpg,M4JlGCKQAu4,vivid cobalt blue underwater,Sam Balye,103.51573830052311,0.9437734082397004,0.9320505617977528,0.922378277153558,0.922378277153558,0.8753998875617981,0.5628328919410706,0.9103571176528931,0.5375816226005554,0.6471169590950012,0.03600584798389006,0.6999512668009161,0.0,0.010674157303370787,0.01794943820224719,0.0,0.0
sea_036.jpg,_IRQ8045f_M,vivid blue underwater light,Maïa Leleu,103.48216058861055,0.9728932584269663,0.9234269662921348,0.8947097378277153,0.8947097378277153,0.7869002819061279,0.654183566570282,0.7977229952812195,0.6446611285209656,0.6283432245254517,0.0172321134143405,0.8563990548804958,0.0,0.000299625468164794,0.0005056179775280899,0.0,0.0
sea_037.jpg,R7A94STmdI8,royal blue sea surface texture,Tamanna Rumee,103.24822793618074,0.9996629213483146,0.68562734082397,0.9736985018726592,0.9736985018726592,0.859603226184845,0.5452025532722473,0.8597584366798401,0.5450971126556396,0.5846505761146545,0.02646053499645662,0.7794955416961948,0.0,0.0,0.0,0.0,0.0
sea_038.jpg,qIarqqinggY,deep royal blue underwater,Vincentiu Solomon,102.58245116676335,0.9289232209737828,0.8884644194756555,0.9125093632958802,0.9156086142322097,0.9356573224067688,0.2974338233470917,0.9805570840835571,0.2791167199611664,0.6566381454467773,0.04552703433566618,0.6206080472027817,0.0,0.0011423220973782772,0.013614232209737828,0.0,0.020159176029962547
sea_039.jpg,Cj0tPzC5Uic,ultramarine ocean water texture,steffi,102.55024340847854,0.9987827715355805,0.5935112359550562,0.9932584269662922,0.9932958801498127,0.9010864496231079,0.42931756377220154,0.9016926288604736,0.4290708899497986,0.5785068273544312,0.03260428375668001,0.7282976353609999,0.0,0.0,0.0,6.554307116104868e-05,0.0
sea_040.jpg,5SHwCaTREe4,vivid cobalt blue underwater,Emanuel Haas,102.48978921926374,0.9549063670411985,0.9140823970037453,0.8421161048689139,0.8421161048689139,0.8365816473960876,0.49728924036026,0.8588069081306458,0.48227202892303467,0.5959480404853821,0.01516307062572908,0.8736410781189243,0.0,6.554307116104868e-05,0.0005524344569288389,0.0,0.0
sea_041.jpg,xSexrcNB5Hg,vivid cobalt blue underwater,Hynek Janáč,102.24269739976106,0.9172444444444444,0.7645222222222222,0.9171222222222222,0.9905333333333334,0.9568917751312256,0.7326341867446899,0.9647361636161804,0.7090802788734436,0.599714457988739,0.011396653122372147,0.9050278906468988,0.0,0.0,0.0,0.08226666666666667,0.0
sea_042.jpg,OsKXsj9vYOo,deep royal blue underwater,Raul Macarie,102.19776798235392,0.9707209737827716,0.9331554307116104,0.9196816479400749,0.9196816479400749,0.6631957292556763,0.590674877166748,0.6720967292785645,0.5807207226753235,0.6208754181861877,0.009764307075076584,0.9186307743743618,0.0,0.0006273408239700375,0.0008895131086142322,0.0,0.0
sea_043.jpg,NqvQ4d45tj4,royal blue sea surface texture,boris misevic,102.15195094931566,0.9987,0.8393888888888889,0.8784888888888889,0.8784888888888889,0.7983529567718506,0.8683496713638306,0.7988259792327881,0.8682625889778137,0.5890945792198181,0.022016531891293045,0.8165289009058913,0.0,0.0,0.0,0.0,0.0
sea_044.jpg,fpiW-qZ0Cj8,royal blue sea surface texture,Tamanna Rumee,101.84635052143807,0.9935861423220974,0.9203932584269663,0.8049063670411986,0.8049063670411986,0.7589777708053589,0.5235424637794495,0.7611140012741089,0.5219659805297852,0.6067634224891663,0.004347688621944901,0.9637692614837925,0.0,0.0,0.0,0.0,0.0
sea_045.jpg,nr-C1o4e71Q,ultramarine ocean water texture,Sarah Sheedy,101.83072395430472,0.9967883895131087,0.5751217228464419,0.9587265917602996,0.958810861423221,0.9293531179428101,0.4925703704357147,0.9309595227241516,0.4916778802871704,0.5795367956161499,0.03157431549496126,0.7368807042086561,0.0,0.0,0.0,9.363295880149813e-05,0.0
sea_046.jpg,Z4RUPM2Gdso,vivid blue underwater light,Nicolas Weldingh,101.73741586109443,0.9848203125,0.5054375,0.9790234375,0.9790234375,0.9813534021377563,0.8180813193321228,0.9923142790794373,0.8157564997673035,0.578826904296875,0.03228420681423616,0.7309649432146986,0.0,0.0045390625,0.00584375,7.8125e-05,0.0
sea_047.jpg,Hy-eOCI25k0,deep royal blue underwater,Pascal Debrunner,101.20023320603065,0.9380805243445692,0.8777715355805243,0.873436329588015,0.873436329588015,0.8269566893577576,0.30902019143104553,0.8562982678413391,0.28938043117523193,0.6365219354629517,0.0254108243518405,0.7882431304013291,0.0,0.0,0.00017790262172284643,0.0,7.49063670411985e-05
sea_048.jpg,upzCBMsI2Io,royal blue sea surface texture,Mike Page,101.07419020481817,0.9867555555555556,0.8909333333333334,0.8446222222222223,0.8446222222222223,0.7365022301673889,0.5907381772994995,0.7407482862472534,0.5873864889144897,0.5981123447418213,0.012998766369289871,0.8916769469225844,0.0,0.0,0.0,0.0,0.0
sea_049.jpg,53WIMUDxoyY,vivid cobalt blue underwater,Ihor Malytskyi,100.89274527768735,0.8963055555555556,0.7621666666666667,0.8943055555555556,0.9614444444444444,0.9522331953048706,0.46673277020454407,0.9808639287948608,0.4193663001060486,0.6174381971359253,0.0063270860248141325,0.9472742831265489,0.0,0.009879629629629629,0.011583333333333333,0.08156481481481481,0.0
sea_050.jpg,i2PqLIW2AR4,ultramarine ocean water texture,Cosima Qin,100.18664826821927,0.935425,0.8785666666666667,0.8254333333333334,0.8254333333333334,0.8049519062042236,0.8147326707839966,0.8349063396453857,0.8138020038604736,0.5977881550788879,0.013322956032223221,0.8889753663981398,0.0,4.1666666666666665e-05,0.0013916666666666667,0.0,0.0
sea_051.jpg,dzGuwpEtsgg,vivid cobalt blue underwater,Dmytro Bukhantsov,99.59149331085295,0.8834456928838952,0.8594569288389513,0.8729307116104869,0.9407397003745318,0.9284452795982361,0.6117660999298096,0.9678208827972412,0.5831478834152222,0.6481262445449829,0.03701513343387175,0.6915405547177353,0.0,0.002705992509363296,0.0124812734082397,0.011048689138576779,0.020140449438202247
sea_052.jpg,RHMzClyPykY,vivid cobalt blue underwater,Sebastiano Piazzi,99.27409833114741,0.8659737827715356,0.8269943820224719,0.8567322097378277,0.8755805243445692,0.8966301679611206,0.3913944363594055,0.9823248386383057,0.3826899230480194,0.6192985773086548,0.008187466197543625,0.9317711150204698,0.005692883895131086,0.001601123595505618,0.05308052434456929,0.018932584269662923,0.00013108614232209737
sea_053.jpg,YCkKEf5YCio,ultramarine ocean water texture,Buddy AN,98.00424481699908,0.9999333333333333,0.9492,0.7032333333333334,0.7032333333333334,0.7478796243667603,0.7247670292854309,0.7479019165039062,0.724751889705658,0.5915559530258179,0.01955515808529329,0.8370403492892226,0.0,0.0,0.0,0.0,0.0
sea_054.jpg,-jC11Hb1c-I,saturated blue ocean underwater,Kuu Lotus,97.82251737343115,0.9784416666666667,0.4820833333333333,0.950825,0.966525,0.8773868680000305,0.9187209606170654,0.883283257484436,0.9169999957084656,0.5791683197021484,0.03194279140896272,0.7338100715919773,0.0,9.166666666666667e-05,0.0002,0.019933333333333334,0.0
sea_055.jpg,UVbgnsCgJ_Y,royal blue sea surface texture,Bekky Bekks,97.81560279959099,0.9947659176029963,0.9077340823970037,0.7537640449438202,0.7537640449438202,0.7072341442108154,0.766754150390625,0.7088772058486938,0.7656760215759277,0.5928067564964294,0.018304354614681717,0.847463711544319,0.0,1.8726591760299626e-05,0.00015917602996254682,0.0,0.0
sea_056.jpg,ZU09cWRxEnQ,vivid cobalt blue underwater,Bri Tucker,96.78596874467355,0.9417888888888889,0.7476111111111111,0.8578555555555556,0.8598222222222223,0.8256076574325562,0.465427428483963,0.8482040762901306,0.4460102319717407,0.6496660113334656,0.038554900222354416,0.6787091648137131,0.0,0.0,0.0,0.0,0.04547777777777778
sea_057.jpg,7t2W2K-wCj0,ultramarine ocean water texture,Tim G,96.5070550666032,0.9986777777777778,0.682,0.8186666666666667,0.8186666666666667,0.7720293998718262,0.4159366190433502,0.7724851369857788,0.4155474007129669,0.5838486552238464,0.027262455887264725,0.7728128676061272,0.0,0.0,0.0,0.0,0.0
sea_058.jpg,raBZgMiZcWc,saturated blue ocean underwater,Chris Hardy,95.7310872897713,0.9857958801498128,0.2741479400749064,0.9527621722846442,0.9622752808988764,0.9524058103561401,0.5952862501144409,0.9574268460273743,0.6036369800567627,0.5739126801490784,0.03719843096203279,0.6900130753163933,0.004559925093632958,0.0,0.004559925093632958,6.554307116104868e-05,0.0
sea_059.jpg,MEwaCA8qToQ,vivid cobalt blue underwater,Oleksandr Sushko,95.14624988719798,0.9496666666666667,0.4604888888888889,0.8997444444444445,0.8998555555555555,0.8655989766120911,0.5105721950531006,0.8991765379905701,0.4851142168045044,0.5896936058998108,0.02141750521130037,0.8215207899058302,0.0,0.021977777777777777,0.023655555555555555,0.0033444444444444446,0.0001
sea_060.jpg,UZ0oXgsSwFU,royal blue sea surface texture,Viviane Okubo,94.21298050896903,1.0,0.7640730337078652,0.7090730337078651,0.7090730337078651,0.7043313980102539,0.9405359625816345,0.7043313980102539,0.9405359625816345,0.595417320728302,0.01569379038280916,0.8692184134765903,0.0,0.0,0.0,0.0,0.0
sea_061.jpg,nklZWFGJ_NM,ultramarine ocean water texture,boris misevic,93.2927643098478,1.0,0.3335,0.8973777777777778,0.8973777777777778,0.8412075638771057,0.7415137887001038,0.8412075638771057,0.7415137887001038,0.5734534859657288,0.0376576251453824,0.6861864571218133,0.0,0.0,0.0,0.0,0.0
sea_062.jpg,4-7DbT0yZX0,ultramarine ocean water texture,boris misevic,93.28620132906877,0.9214888888888889,0.7902333333333333,0.7240111111111112,0.734,0.7472596168518066,0.574963390827179,0.7771069407463074,0.5613716244697571,0.5961849093437195,0.014926201767391678,0.875614985271736,0.0003222222222222222,0.003777777777777778,0.014355555555555555,0.002188888888888889,0.0
sea_063.jpg,khplI4VZ6UQ,vivid cobalt blue underwater,Hiroko Yoshii,93.01704567454303,0.927975,0.32605833333333334,0.923225,0.9804083333333333,0.9671242833137512,0.593373715877533,0.9787400364875793,0.5878408551216125,0.5719862580299377,0.039124853081173416,0.6739595576568882,0.0,0.0027416666666666666,0.0033166666666666665,0.06495,0.0
sea_064.jpg,pJJUdJCLmxk,saturated blue ocean underwater,engin akyurt,92.9731421231291,0.9334176029962546,0.8075374531835205,0.7773408239700375,0.7774157303370787,0.6966160535812378,0.6996683478355408,0.7221754193305969,0.6860098838806152,0.6443946957588196,0.03328358464770842,0.7226367946024298,0.0,0.007827715355805244,0.009897003745318352,0.0,0.00044943820224719103
sea_065.jpg,uEn_WKl7LQY,vivid cobalt blue underwater,Johny Goerend,92.94409002976376,0.9701315789473685,0.32978383458646615,0.9523026315789473,0.9546522556390977,0.8753241896629333,0.61794114112854,0.8903933763504028,0.6077120304107666,0.6692009568214417,0.05808984571033049,0.5159179524139126,0.0,0.0007424812030075188,0.0019830827067669173,0.0,0.002349624060150376
sea_066.jpg,0ftaspa0VUo,vivid cobalt blue underwater,engin akyurt,92.77771285135252,0.948249063670412,0.7554026217228464,0.7870318352059925,0.7870318352059925,0.7281519174575806,0.5783975720405579,0.7473689913749695,0.5582900643348694,0.6570482850074768,0.045937173896365646,0.6171902175302862,0.0,9.363295880149813e-06,0.00012172284644194756,0.0,0.0
sea_067.jpg,Bw7W3eiKssc,vivid cobalt blue underwater,Tamara Malaniy,92.43893945461406,0.8642883895131086,0.6767322097378277,0.8220786516853933,0.8830149812734083,0.8038955926895142,0.5113542675971985,0.8427225351333618,0.5005124807357788,0.6242166757583618,0.013105564647250656,0.8907869612729112,0.006095505617977528,0.00010299625468164794,0.014522471910112359,0.06068352059925094,0.019915730337078653
sea_068.jpg,cB6pEQSMQB4,vivid cobalt blue underwater,Anjeanette Guigue,91.96915740333196,0.9285299625468165,0.2786797752808989,0.9284269662921348,0.999878277153558,0.9707047343254089,0.3389551043510437,0.9714411497116089,0.32934635877609253,0.5676977038383484,0.04341340727276277,0.6382216060603102,0.0,0.0,0.0,0.07147003745318352,0.0
sea_069.jpg,tnEjldNFGPs,vivid cobalt blue underwater,Sophia Müller,90.24671037075275,0.8662921348314607,0.7415730337078652,0.790252808988764,0.8136329588014981,0.8006637096405029,0.446429044008255,0.8454594016075134,0.4475023150444031,0.6583021879196167,0.04719107680850554,0.6067410265957871,0.0006086142322097378,0.0003838951310861423,0.0010112359550561798,0.00011235955056179776,0.10135767790262172
sea_070.jpg,fuCpnfvjfHU,ultramarine ocean water texture,Miguel Angel  Avila,90.18960123288323,0.999877358490566,0.208,0.9606320754716982,0.9606320754716982,0.7301275134086609,0.40004175901412964,0.7301660776138306,0.4000208377838135,0.569923996925354,0.04118711418575716,0.6567740484520237,0.0,0.0,0.0,0.0,0.0
sea_071.jpg,UNDqO_CL30s,saturated blue ocean underwater,Jason Dent,90.17426732889042,1.0,0.24742391304347827,0.9557717391304348,0.9557717391304348,0.708020806312561,0.7655057907104492,0.708020806312561,0.7655057907104492,0.5687634348869324,0.04234767622417879,0.6471026981318434,0.0,0.0,0.0,0.0,0.0
sea_072.jpg,oxKajoD-ZQ8,deep royal blue underwater,Oleksandr Sushko,89.93419772706207,0.8833,0.5050888888888889,0.7946666666666666,0.7955666666666666,0.8280324935913086,0.5442913770675659,0.8937174081802368,0.49849337339401245,0.5829540491104126,0.028157062000698563,0.7653578166608452,0.0,0.0036,0.0121,0.007877777777777777,0.0
sea_073.jpg,dFSNBcqhUNI,vivid cobalt blue underwater,Oleksandr Sushko,89.87190790620026,0.9003,0.2916666666666667,0.8971222222222223,0.9497,0.9419571757316589,0.5239565372467041,0.9753396511077881,0.49346601963043213,0.5718611478805542,0.03924996323055696,0.6729169730786919,0.0,0.0035666666666666668,0.004355555555555555,0.08936666666666666,0.0
sea_074.jpg,NSha3at9fbE,deep blue ocean water close up,Bernd 📷 Dittrich,89.77513934753561,0.9724421296296296,0.7949884259259259,0.5770601851851852,0.5772337962962963,0.6685628890991211,0.39898768067359924,0.6775214672088623,0.3948657512664795,0.6187321543693542,0.007621043258243088,0.9364913061813076,0.0,0.0,0.0019444444444444444,0.00037037037037037035,0.0
sea_075.jpg,FP_3L2fvHog,royal blue sea surface texture,Pawel Czerwinski,89.67065923294722,0.8044101123595505,0.5917134831460674,0.801938202247191,0.9735767790262172,0.9545757174491882,0.320911169052124,0.9698732495307922,0.3156891465187073,0.5860669016838074,0.025044209427303787,0.7912982547724684,0.006376404494382023,0.0,0.0035861423220973783,0.12502808988764044,0.003904494382022472
sea_076.jpg,bZZmKLlHTvA,ultramarine ocean water texture,Buddy AN,89.65142077728554,0.9998666666666667,0.7387777777777778,0.5728888888888889,0.5728888888888889,0.7188466191291809,0.6691181063652039,0.7188864946365356,0.6690801382064819,0.5913878679275513,0.01972324318355989,0.8356396401370009,0.0,0.0,0.0,0.0,0.0
sea_077.jpg,YAtWJhMZ83c,royal blue sea surface texture,xu dee,89.5799684718803,0.8749074074074074,0.6013888888888889,0.7740856481481482,0.7740856481481482,0.7592623233795166,0.6622480154037476,0.8262406587600708,0.6390836834907532,0.5893783569335938,0.02173275417751741,0.8188937151873549,0.0,2.3148148148148147e-05,0.03256944444444444,0.0,0.0
sea_078.jpg,1jjigKc1O04,royal blue sea surface texture,elliott,89.54011072892789,0.9035888888888889,0.7737,0.6541444444444444,0.6541444444444444,0.6800367832183838,0.29959985613822937,0.7118803262710571,0.28115415573120117,0.6003347039222717,0.010776407188839432,0.9101966067596714,0.0,0.0,0.0008222222222222222,0.0,0.0001
sea_079.jpg,kqQ6jHVTKUk,saturated blue ocean underwater,Mishal Ibrahim,89.43634029766366,0.8354453125,0.5444765625,0.749796875,0.7713359375,0.8273987770080566,0.5663357973098755,0.9101976156234741,0.5268087387084961,0.6035652756690979,0.00754583544201326,0.9371180379832228,0.0052734375,0.0025234375,0.0161796875,0.0,0.0008828125
sea_080.jpg,1GPKeF05eTs,vivid cobalt blue underwater,Karl Callwood,88.60536796362842,0.8671416666666667,0.45803333333333335,0.867125,0.9974416666666667,0.8472211956977844,0.8729067444801331,0.8639833331108093,0.8904456496238708,0.578906774520874,0.03220433659023714,0.7316305284146905,0.0,0.0,0.0,0.13285833333333333,0.0
sea_081.jpg,ehn6bCukU2E,vivid cobalt blue underwater,NOAA,88.39742003380104,0.8910916666666666,0.318975,0.8851083333333334,0.9860833333333333,0.91136234998703,0.5558343529701233,0.916395366191864,0.5259044170379639,0.5695422291755676,0.041568881935543534,0.6535926505371372,0.000475,0.0012583333333333333,0.0016,0.102975,0.00055
sea_082.jpg,EmeskBX2_H8,ultramarine ocean water texture,Giovanni Moise,88.16408518824736,0.8820505617977528,0.7808333333333334,0.6808520599250937,0.6808520599250937,0.6317306756973267,0.7218233346939087,0.6677950620651245,0.6855878233909607,0.6275758147239685,0.016464703612857345,0.8627941365595221,0.0,0.0008146067415730337,0.0029307116104868914,0.0,0.0
sea_083.jpg,2c-s6f4kJAY,royal blue sea surface texture,James Wainscoat,88.01466097628528,0.9890168539325843,0.7886797752808988,0.5358988764044944,0.5358988764044944,0.6433020830154419,0.616854727268219,0.6456582546234131,0.6151387095451355,0.5985070466995239,0.012604064411587235,0.8949661299034397,0.0,0.0,0.0,0.0,0.0
sea_084.jpg,afd7Sma4iDY,vivid cobalt blue underwater,Scott Webb,87.8870218576256,0.8910018726591761,0.7552808988764045,0.7229213483146067,0.7229213483146067,0.7135437726974487,0.9597540497779846,0.7412459254264832,0.9588145017623901,0.6508252024650574,0.03971409135394621,0.6690492387171149,0.0,0.0009363295880149813,0.0013108614232209739,0.0004588014981273408,0.0994943820224719
sea_085.jpg,Z4of_w_tJ_s,vivid cobalt blue underwater,Oleksandr Sushko,87.38927134493368,0.9174777777777777,0.2642777777777778,0.8652111111111112,0.9329777777777778,0.885356068611145,0.5217788815498352,0.894089937210083,0.5186514854431152,0.5665684342384338,0.04454267687267732,0.6288110260610222,0.0,0.0,0.0,0.08056666666666666,0.0
sea_086.jpg,r69jEY0qk8A,royal blue sea surface texture,Daniele Levis Pelusi,86.44227422038763,1.0,0.5786985018726591,0.7133426966292135,0.7133426966292135,0.6535391807556152,0.9437717199325562,0.6535391807556152,0.9437717199325562,0.6681404113769531,0.057029300265841965,0.5247558311179836,0.0,0.0,0.0,0.0,0.0
sea_087.jpg,iNImbEcG1_U,ultramarine ocean water texture,Martins Cardoso,86.3396804131501,0.9777153558052435,0.7190449438202248,0.5326966292134832,0.5326966292134832,0.6862254738807678,0.6653976440429688,0.692036509513855,0.658760130405426,0.5876014828681946,0.02350962824291658,0.8040864313090285,0.0,0.0,0.0,0.0,0.0
sea_088.jpg,oF6ZzQE1zSE,ultramarine ocean water texture,Srini Somanchi,85.91868743020002,0.9158988764044944,0.3940823970037453,0.7487546816479401,0.7487546816479401,0.7602363228797913,0.5510167479515076,0.7953711152076721,0.5152113437652588,0.5781601667404175,0.03295094437069368,0.725408796910886,0.0,0.0002715355805243446,0.000955056179775281,0.0,0.0
sea_089.jpg,83JZupwXfhU,vivid cobalt blue underwater,Marcos Paulo Prado,85.88601204288537,0.8241666666666667,0.3301310861423221,0.8196348314606742,0.8202902621722846,0.8776912093162537,0.4645140469074249,0.9900760650634766,0.41549041867256165,0.5767125487327576,0.03439856237835359,0.71334531351372,0.0003838951310861423,0.000299625468164794,0.05179775280898877,9.363295880149813e-06,0.000599250936329588
sea_090.jpg,-k5G3k-juS8,vivid cobalt blue underwater,Олег Мороз,85.51595817141268,0.8657116104868914,0.237874531835206,0.8653838951310862,0.9943352059925094,0.9432026743888855,0.3785211145877838,0.9466310143470764,0.34142449498176575,0.5671016573905945,0.04400945372051668,0.6332545523290276,0.0,0.00018726591760299626,0.0021910112359550564,0.13105805243445692,0.0
sea_091.jpg,RtPFXUabsBA,royal blue sea surface texture,Vansh Juneja,85.14856523310598,0.8847191011235955,0.3731928838951311,0.7262640449438202,0.7262640449438202,0.8065687417984009,0.7488278150558472,0.862716794013977,0.7193329334259033,0.5798264741897583,0.03128463692135286,0.7392946923220595,0.0,0.00016853932584269662,0.0008707865168539326,9.363295880149813e-06,0.0
sea_092.jpg,RtrsSrO3YMI,vivid cobalt blue underwater,Eugenia Clara @fleetingstill,84.81719246153317,0.9061032388663968,0.30827935222672065,0.799412955465587,0.8434919028340081,0.8079230189323425,0.2641260623931885,0.8296268582344055,0.27509745955467224,0.5682979226112366,0.04281318849987459,0.6432234291677117,0.016133603238866395,0.0,0.007672064777327935,0.020141700404858298,0.0017307692307692308
sea_093.jpg,DSwBHyWKiVw,ultramarine ocean water texture,manu schwendener,84.20810325309675,0.976679104477612,0.4301865671641791,0.6799253731343283,0.6799253731343283,0.683093786239624,0.6632781028747559,0.689011812210083,0.6586397290229797,0.5726627707481384,0.03844834036297273,0.6795971636418938,0.0,0.0,0.0,0.0,0.0
sea_094.jpg,qFf8PD2pRPw,royal blue sea surface texture,Pawel Czerwinski,83.97354281465162,0.8032209737827716,0.5030898876404495,0.735936329588015,0.7360112359550561,0.7861469984054565,0.533119797706604,0.9109523892402649,0.4910331964492798,0.5799164175987244,0.031194693512386795,0.74004422073011,0.0,0.0,0.06074906367041198,0.00010299625468164794,0.0
sea_095.jpg,0Pnt8IrhztQ,vivid blue underwater light,Yuliia Rohozna,83.89300462490364,0.8036111111111112,0.7041777777777778,0.6470777777777778,0.6471222222222223,0.713107705116272,0.4376002550125122,0.8246960043907166,0.4508568346500397,0.6047109365463257,0.006400174564785477,0.946665211960121,0.046,0.0026666666666666666,0.07566666666666666,5.555555555555556e-05,0.0010222222222222223
sea_096.jpg,cBBLR2b58Qg,vivid cobalt blue underwater,Israel Gil,83.87828526190107,0.8141104868913858,0.6620318352059925,0.6169101123595505,0.6522378277153558,0.7286399006843567,0.5296486616134644,0.7902721762657166,0.512265145778656,0.5990603566169739,0.012050754494137284,0.8995770458821893,0.00010299625468164794,0.002153558052434457,0.013876404494382023,0.0010112359550561798,0.02854868913857678
sea_097.jpg,8A9Di0TOAFM,saturated blue ocean underwater,Krzysztof Kowalik,83.38249007285081,0.8548583333333334,0.37233333333333335,0.7178666666666667,0.7179333333333333,0.7871547341346741,0.5464730262756348,0.8616544008255005,0.5068463683128357,0.5789176821708679,0.03219342894024324,0.7317214254979729,0.0,0.0,0.007758333333333333,0.0,0.0
sea_098.jpg,eYLrm5mJLrY,ultramarine ocean water texture,Dmitry Dreyer,82.69870026149502,0.849438202247191,0.5801310861423221,0.6478183520599251,0.6478277153558052,0.6742740273475647,0.732591450214386,0.7311633825302124,0.6973353028297424,0.5919235944747925,0.01918751663631868,0.8401040280306776,0.0,0.003754681647940075,0.007818352059925093,0.03006554307116105,0.0
sea_099.jpg,WUwKbFL81mw,saturated blue ocean underwater,Tim Marshall,81.94865612469758,0.8365168539325842,0.3025561797752809,0.7602059925093633,0.8277434456928839,0.836990237236023,0.4239163398742676,0.8946452736854553,0.4021055996417999,0.5690918564796448,0.042019254631466385,0.64983954473778,8.426966292134831e-05,0.008071161048689138,0.03797752808988764,0.008988764044943821,0.0003089887640449438
sea_100.jpg,MRpeR7yzBWg,vivid cobalt blue underwater,Kristin Hoel,81.6280840931857,0.795025,0.5951083333333334,0.641125,0.6516416666666667,0.659967303276062,0.5855016112327576,0.7361096739768982,0.5667749047279358,0.6093195676803589,0.0017915434307522737,0.9850704714103977,0.0004,0.003908333333333333,0.029158333333333335,0.035366666666666664,0.0032416666666666666
