image_name,colour_rank,hex,red,green,blue,hue,saturation,brightness,proportion_percent,lab_l,lab_a,lab_b
sea_001.jpg,1,#012590,1,37,144,224.8,99.57,56.38,33.39,21.305,34.6941,-60.7584
sea_001.jpg,2,#012A9A,1,42,154,223.84,99.67,60.37,22.41,23.5986,35.3946,-63.2407
sea_001.jpg,3,#011C81,1,28,129,227.26,99.51,50.61,19.17,17.5327,34.7999,-57.7758
sea_001.jpg,4,#012F9D,1,47,157,222.28,99.66,61.66,14.11,25.1448,33.4098,-62.6917
sea_001.jpg,5,#013191,1,49,145,219.85,99.47,57.03,4.29,24.5998,26.9735,-56.3523
sea_001.jpg,6,#013F9C,1,63,156,215.94,99.38,61.19,2.85,29.3548,21.7726,-55.0535
sea_001.jpg,7,#0156B0,1,86,176,210.93,99.44,68.98,1.63,37.3861,14.592,-53.8958
sea_001.jpg,8,#018AD6,1,138,214,201.38,99.31,83.9,0.87,55.1826,-3.2699,-47.3023
sea_001.jpg,9,#0171C5,1,113,197,205.82,99.31,77.36,0.82,46.782,5.5959,-51.2128
sea_001.jpg,10,#02ADED,2,173,237,196.29,99.0,93.03,0.46,66.6771,-14.521,-42.0824
sea_002.jpg,1,#013CEC,1,60,236,224.86,99.75,92.69,23.41,36.59,54.0031,-90.1926
sea_002.jpg,2,#0132D3,1,50,211,225.88,99.48,82.68,18.84,31.8477,50.7411,-83.4282
sea_002.jpg,3,#0129B9,1,41,185,226.68,99.63,72.35,12.67,27.0319,46.7177,-75.9806
sea_002.jpg,4,#0027E8,0,39,232,230.09,99.8,91.04,11.05,32.409,63.3418,-94.741
sea_002.jpg,5,#066EDF,6,110,223,211.16,97.19,87.39,10.77,47.7368,17.5532,-64.2549
sea_002.jpg,6,#0349AB,3,73,171,214.89,98.48,67.15,7.36,33.4597,21.2386,-57.5044
sea_002.jpg,7,#001D94,0,29,148,228.58,99.68,58.02,5.45,20.0251,41.26,-65.4614
sea_002.jpg,8,#0253EF,2,83,239,219.49,99.0,93.58,4.47,41.8966,41.0094,-82.7037
sea_002.jpg,9,#022D7A,2,45,122,218.38,98.73,48.02,3.57,21.2529,20.3402,-47.451
sea_002.jpg,10,#2487D9,36,135,217,207.15,83.59,84.91,2.4,54.6257,1.5384,-49.6109
sea_003.jpg,1,#012CA3,1,44,163,223.81,99.63,63.92,16.56,25.1997,37.1771,-66.1083
sea_003.jpg,2,#0136B3,1,54,179,222.0,99.65,70.04,13.31,29.1091,36.9571,-69.0329
sea_003.jpg,3,#0143C3,1,67,195,219.64,99.7,76.59,11.78,33.8413,35.1371,-71.1004
sea_003.jpg,4,#0172F6,1,114,246,212.25,99.75,96.37,11.68,50.2996,24.0404,-72.9496
sea_003.jpg,5,#014ED4,1,78,212,218.16,99.74,83.16,11.03,38.0974,34.5057,-73.8194
sea_003.jpg,6,#012695,1,38,149,224.94,99.6,58.58,10.61,22.1845,36.1545,-62.7668
sea_003.jpg,7,#0159E0,1,89,224,216.17,99.76,87.98,10.35,42.1818,31.5412,-74.1575
sea_003.jpg,8,#0166ED,1,102,237,214.25,99.76,92.79,9.55,46.4082,28.2476,-74.1834
sea_003.jpg,9,#0150CF,1,80,207,216.83,99.71,81.07,4.51,38.3009,30.7096,-70.4088
sea_003.jpg,10,#178CF8,23,140,248,208.8,90.69,97.3,0.62,57.7977,9.375,-62.139
sea_004.jpg,1,#0B6BD8,11,107,216,212.0,95.03,84.78,13.86,46.2783,17.4612,-62.8477
sea_004.jpg,2,#1195E6,17,149,230,202.75,92.47,90.24,12.67,59.404,-3.1926,-49.6308
sea_004.jpg,3,#149DE4,20,157,228,200.61,91.38,89.51,12.07,61.4312,-7.9094,-45.3887
sea_004.jpg,4,#085CC7,8,92,199,213.58,96.07,77.85,11.8,40.8396,20.0215,-61.5209
sea_004.jpg,5,#0D77E1,13,119,225,209.82,94.34,88.13,10.52,50.4345,12.7667,-60.958
sea_004.jpg,6,#19A6E5,25,166,229,198.35,89.05,89.65,9.91,64.3537,-12.9307,-40.9922
sea_004.jpg,7,#0E83E4,14,131,228,207.38,93.73,89.5,9.64,53.8449,7.215,-57.4395
sea_004.jpg,8,#108CE6,16,140,230,205.03,93.07,90.03,9.13,56.7605,1.8373,-53.5325
sea_004.jpg,9,#26B4E7,38,180,231,195.8,83.68,90.57,6.14,68.6298,-18.6609,-35.5859
sea_004.jpg,10,#39C3E7,57,195,231,192.66,75.14,90.7,4.25,73.2395,-24.217,-28.6203
sea_005.jpg,1,#001846,0,24,70,219.53,99.42,27.3,19.37,9.7495,12.3081,-31.1458
sea_005.jpg,2,#012467,1,36,103,219.12,99.43,40.41,18.42,16.7962,18.299,-42.2197
sea_005.jpg,3,#012B78,1,43,120,218.57,99.54,47.05,14.82,20.4465,20.5913,-47.1926
sea_005.jpg,4,#001F57,0,31,87,218.92,99.43,33.92,12.59,13.5171,15.0049,-36.5887
sea_005.jpg,5,#01398D,1,57,141,215.93,99.5,55.45,12.39,26.3854,19.8024,-50.9301
sea_005.jpg,6,#0144A3,1,68,163,215.08,99.57,63.81,9.47,31.2783,21.1811,-55.9511
sea_005.jpg,7,#0159BB,1,89,187,211.7,99.56,73.37,7.18,39.0507,17.2004,-57.7776
sea_005.jpg,8,#0274D2,2,116,210,207.06,99.16,82.22,3.39,48.3955,8.6991,-55.7078
sea_005.jpg,9,#0393E5,3,147,229,201.79,98.54,89.62,1.45,58.453,-2.6696,-50.2655
sea_005.jpg,10,#18BAF4,24,186,244,195.83,90.17,95.55,0.93,70.6564,-18.1035,-39.3449
sea_006.jpg,1,#1B46CA,27,70,202,225.3,86.64,79.02,14.19,35.6172,36.5539,-71.7755
sea_006.jpg,2,#1A45BB,26,69,187,223.95,86.02,73.4,14.02,34.1951,31.3568,-65.7264
sea_006.jpg,3,#1059EA,16,89,234,220.01,93.0,91.7,13.27,42.9999,35.9776,-78.1893
sea_006.jpg,4,#1B45AD,27,69,173,222.52,84.55,67.71,13.25,32.9487,25.772,-59.1656
sea_006.jpg,5,#011C74,1,28,116,225.8,99.08,45.39,12.08,16.0109,29.4596,-51.772
sea_006.jpg,6,#052E8E,5,46,142,221.88,96.73,55.54,11.98,23.4228,27.9056,-55.9219
sea_006.jpg,7,#042C9A,4,44,154,224.14,97.3,60.56,10.37,24.2148,34.3878,-62.5194
sea_006.jpg,8,#011257,1,18,87,228.14,99.29,34.31,7.77,9.9976,25.0643,-43.0476
sea_006.jpg,9,#063078,6,48,120,218.13,94.7,47.09,2.07,21.9296,17.6787,-44.8206
sea_006.jpg,10,#2D77E0,45,119,224,215.41,79.71,87.75,1.0,50.6964,15.0391,-59.9604
sea_007.jpg,1,#0713CB,7,19,203,236.43,96.43,79.43,27.37,26.1443,62.3092,-88.0927
sea_007.jpg,2,#030AB8,3,10,184,237.69,98.16,72.34,16.81,22.7424,59.6453,-83.1024
sea_007.jpg,3,#0712D9,7,18,217,236.83,96.71,85.01,14.91,28.0654,66.3526,-93.1718
sea_007.jpg,4,#142EEF,20,46,239,233.04,91.48,93.84,11.04,34.6747,62.6342,-95.0251
sea_007.jpg,5,#0D1DEF,13,29,239,235.94,94.47,93.78,10.95,32.2126,69.353,-99.0391
sea_007.jpg,6,#0406A2,4,6,162,239.02,97.8,63.73,7.43,19.1502,54.779,-75.8644
sea_007.jpg,7,#7A78DE,122,120,222,240.98,46.09,87.18,4.2,54.8562,26.8074,-52.2721
sea_007.jpg,8,#3741E5,55,65,229,236.36,76.02,89.71,3.44,38.3388,50.695,-82.9335
sea_007.jpg,9,#5E62E8,94,98,232,238.28,59.25,90.8,2.82,48.2379,37.1016,-68.2069
sea_007.jpg,10,#3C33A6,60,51,166,244.85,69.43,65.01,1.03,29.5199,38.9735,-60.5817
sea_008.jpg,1,#010464,1,4,100,237.66,99.42,39.22,22.29,9.1607,37.3164,-52.8443
sea_008.jpg,2,#010872,1,8,114,236.38,99.23,44.55,13.9,11.8094,40.0202,-57.3728
sea_008.jpg,3,#01169A,1,22,154,231.96,99.25,60.33,13.05,19.6106,46.8031,-69.7845
sea_008.jpg,4,#010E84,1,14,132,233.86,99.23,51.9,12.43,15.5303,43.1253,-63.1878
sea_008.jpg,5,#000357,0,3,87,238.26,99.72,34.0,10.39,6.7239,33.8482,-47.9573
sea_008.jpg,6,#0225B7,2,37,183,228.12,99.15,71.7,8.33,26.0779,48.3923,-76.578
sea_008.jpg,7,#00014B,0,1,75,239.59,99.52,29.59,8.2,4.8366,29.7427,-43.3187
sea_008.jpg,8,#0246E4,2,70,228,222.04,99.27,89.53,6.93,37.7462,45.681,-83.7046
sea_008.jpg,9,#0259F2,2,89,242,218.46,98.97,95.08,3.58,43.5581,38.9862,-82.1224
sea_008.jpg,10,#1D7CF6,29,124,246,213.78,88.17,96.65,0.91,53.3721,18.8978,-68.3509
sea_009.jpg,1,#5C7FF5,92,127,245,226.16,62.34,96.01,17.33,56.2374,23.3865,-62.7156
sea_009.jpg,2,#748DF8,116,141,248,228.69,53.1,97.16,11.51,61.2505,20.7443,-56.2407
sea_009.jpg,3,#073198,7,49,152,222.81,95.22,59.58,11.4,25.2129,30.309,-59.3374
sea_009.jpg,4,#07237B,7,35,123,225.22,94.63,48.36,10.91,18.8181,27.9263,-51.9943
sea_009.jpg,5,#3578F5,53,120,245,219.01,78.26,96.2,10.27,52.87,22.5878,-68.5044
sea_009.jpg,6,#051A63,5,26,99,226.73,94.82,38.71,10.12,13.5846,24.4215,-44.6419
sea_009.jpg,7,#0646BA,6,70,186,218.72,96.51,72.86,8.91,33.9126,29.3481,-65.3853
sea_009.jpg,8,#04144D,4,20,77,227.16,94.49,30.0,7.35,9.3618,19.3323,-36.5634
sea_009.jpg,9,#3563D3,53,99,211,222.7,74.76,82.6,6.17,44.637,23.6368,-62.281
sea_009.jpg,10,#0565EA,5,101,234,214.77,97.75,91.76,6.04,46.1301,27.6322,-73.1617
sea_010.jpg,1,#0850B7,8,80,183,215.29,95.43,71.82,19.46,36.4863,21.4598,-59.6176
sea_010.jpg,2,#5384D8,83,132,216,217.81,61.62,84.55,18.75,55.309,9.176,-47.9134
sea_010.jpg,3,#6695E0,102,149,224,217.26,54.35,87.99,16.63,61.3392,6.0205,-43.2301
sea_010.jpg,4,#215EC0,33,94,192,216.93,82.68,75.26,14.03,41.4994,17.2271,-56.5992
sea_010.jpg,5,#3D72CD,61,114,205,217.76,70.19,80.37,12.05,48.9184,12.5496,-52.1181
sea_010.jpg,6,#7EA9EA,126,169,234,215.8,46.28,91.76,10.65,68.6567,2.3529,-36.9781
sea_010.jpg,7,#122756,18,39,86,221.57,79.39,33.59,2.79,16.5659,10.6488,-31.0338
sea_010.jpg,8,#244B8B,36,75,139,217.41,74.49,54.63,2.6,32.2978,9.8609,-40.0373
sea_010.jpg,9,#032D95,3,45,149,222.61,97.92,58.42,2.08,23.9807,31.2144,-59.5502
sea_010.jpg,10,#5777AE,87,119,174,217.9,50.1,68.09,0.96,49.6998,4.2521,-32.7735
sea_011.jpg,1,#06254C,6,37,76,213.34,92.33,29.97,17.41,14.9644,5.9492,-27.3829
sea_011.jpg,2,#063669,6,54,105,211.32,94.08,41.36,17.27,22.5728,6.9942,-34.411
sea_011.jpg,3,#055292,5,82,146,207.4,96.28,57.11,12.64,34.1382,4.9501,-40.9894
sea_011.jpg,4,#021E4F,2,30,79,218.64,97.35,31.06,12.59,12.5237,12.6951,-33.25
sea_011.jpg,5,#0897E1,8,151,225,200.32,96.46,88.06,9.08,59.5851,-6.6097,-46.2626
sea_011.jpg,6,#16B6F0,22,182,240,196.1,90.66,94.11,7.3,69.289,-17.2697,-39.49
sea_011.jpg,7,#0671BF,6,113,191,205.44,96.89,74.99,6.92,46.3645,3.5603,-48.398
sea_011.jpg,8,#043C82,4,60,130,213.27,96.81,50.79,6.37,26.3193,12.8668,-43.6464
sea_011.jpg,9,#1C436B,28,67,107,209.96,74.12,42.01,5.29,27.7826,0.674,-27.1247
sea_011.jpg,10,#1F75AE,31,117,174,204.0,82.26,68.36,5.13,47.0611,-4.1338,-37.4647
sea_012.jpg,1,#0441D5,4,65,213,222.7,97.99,83.64,17.93,35.1497,43.3271,-79.3774
sea_012.jpg,2,#0F58EA,15,88,234,220.02,93.81,91.84,15.22,42.7236,36.7828,-78.8439
sea_012.jpg,3,#010B64,1,11,100,233.56,99.21,39.14,12.67,10.3347,33.6745,-50.7604
sea_012.jpg,4,#022FB7,2,47,183,225.03,98.78,71.93,10.81,28.1596,42.9082,-73.4695
sea_012.jpg,5,#01219B,1,33,155,227.55,99.14,60.59,10.7,21.7704,40.9959,-66.608
sea_012.jpg,6,#01167F,1,22,127,230.17,99.23,49.9,9.55,16.0314,37.8354,-59.1196
sea_012.jpg,7,#1A6DF3,26,109,243,217.22,89.19,95.31,8.01,48.9353,27.2573,-73.6476
sea_012.jpg,8,#00064C,0,6,76,235.6,100.0,29.79,7.97,5.7985,27.519,-42.0842
sea_012.jpg,9,#2B83F5,43,131,245,213.82,82.45,96.27,5.13,55.5602,14.9527,-64.2649
sea_012.jpg,10,#489FF6,72,159,246,210.17,70.78,96.54,2.0,63.9019,2.1367,-51.278
sea_013.jpg,1,#0000A5,0,0,165,240.04,99.83,64.89,25.86,18.9772,57.2141,-77.9729
sea_013.jpg,2,#0006B7,0,6,183,238.26,99.78,71.69,24.28,22.0737,60.2851,-83.241
sea_013.jpg,3,#0129C9,1,41,201,228.08,99.38,78.65,7.64,28.8426,52.4972,-82.4445
sea_013.jpg,4,#026CE1,2,108,225,211.46,99.21,88.18,7.58,47.1586,19.8045,-66.3324
sea_013.jpg,5,#1D83E9,29,131,233,209.85,87.64,91.38,7.05,54.5339,9.2348,-58.9965
sea_013.jpg,6,#023FD0,2,63,208,222.06,99.25,81.51,7.04,34.2631,42.0974,-77.7089
sea_013.jpg,7,#0254D7,2,84,215,216.8,99.2,84.19,6.78,39.9947,31.3156,-72.2158
sea_013.jpg,8,#4F9BF0,79,155,240,211.58,67.0,93.95,6.35,62.8429,2.9296,-49.3103
sea_013.jpg,9,#73B3F1,115,179,241,209.51,52.4,94.61,4.2,71.052,-3.3971,-37.2492
sea_013.jpg,10,#010687,1,6,135,237.72,99.29,52.88,3.21,14.8544,47.0547,-65.8904
sea_014.jpg,1,#0339BD,3,57,189,222.78,98.24,74.1,20.87,30.8326,39.2851,-72.3288
sea_014.jpg,2,#012799,1,39,153,225.05,99.41,60.15,16.93,22.8686,37.0671,-64.101
sea_014.jpg,3,#1558DE,21,88,222,220.05,90.55,87.15,13.05,41.859,32.3379,-73.4751
sea_014.jpg,4,#011C7A,1,28,122,226.82,99.0,47.9,12.18,16.6796,32.2702,-54.7878
sea_014.jpg,5,#256EE9,37,110,233,217.64,84.01,91.27,10.98,48.8009,23.0561,-68.0928
sea_014.jpg,6,#1143B2,17,67,178,221.35,90.35,69.86,6.83,32.6592,28.659,-62.9127
sea_014.jpg,7,#00105A,0,16,90,229.12,99.77,35.16,6.68,9.9279,26.8345,-44.6259
sea_014.jpg,8,#093360,9,51,96,211.06,90.13,37.73,6.41,21.2229,4.8843,-30.5487
sea_014.jpg,9,#0E364F,14,54,79,203.26,82.59,30.96,5.03,21.0686,-3.714,-19.376
sea_014.jpg,10,#5394E0,83,148,224,212.4,63.16,87.87,1.04,60.1318,2.624,-45.0141
sea_015.jpg,1,#01156B,1,21,107,228.63,99.02,41.82,15.42,13.2218,30.5692,-50.4686
sea_015.jpg,2,#01104F,1,16,79,228.27,99.25,31.14,10.84,8.5223,22.9357,-39.9616
sea_015.jpg,3,#011D8A,1,29,138,227.77,99.04,54.31,10.77,19.0139,37.4696,-61.2542
sea_015.jpg,4,#0488F7,4,136,247,207.4,98.49,96.67,10.57,56.295,10.8743,-63.6731
sea_015.jpg,5,#079BF8,7,155,248,203.1,97.29,97.33,10.21,61.9471,-0.1311,-55.5502
sea_015.jpg,6,#0373F2,3,115,242,211.99,98.81,94.93,9.59,50.203,22.3119,-71.0548
sea_015.jpg,7,#37AEF7,55,174,247,202.92,77.73,97.02,9.45,67.8735,-8.1705,-45.7049
sea_015.jpg,8,#0359E6,3,89,230,217.35,98.85,90.36,9.14,42.5112,34.4435,-77.0551
sea_015.jpg,9,#0237C4,2,55,196,223.77,98.95,76.88,8.67,31.0791,43.167,-76.081
sea_015.jpg,10,#70C2F7,112,194,247,203.54,54.55,96.91,5.34,75.3725,-10.4054,-33.7381
sea_016.jpg,1,#0323EB,3,35,235,231.86,98.63,91.98,26.8,32.1879,65.772,-96.4752
sea_016.jpg,2,#0632F2,6,50,242,228.63,97.66,94.86,15.63,35.5135,60.9599,-95.1029
sea_016.jpg,3,#0C3CF0,12,60,240,227.2,95.11,94.08,13.71,37.1773,55.1948,-91.2167
sea_016.jpg,4,#0413CF,4,19,207,235.38,98.17,81.13,11.33,26.7416,63.2886,-89.6313
sea_016.jpg,5,#030AB2,3,10,178,237.64,98.33,69.98,9.83,21.8157,58.1307,-81.0542
sea_016.jpg,6,#1746ED,23,70,237,226.77,90.32,92.89,7.24,39.0346,48.8977,-86.425
sea_016.jpg,7,#020595,2,5,149,238.88,98.33,58.46,6.15,16.9946,51.3773,-71.2188
sea_016.jpg,8,#020374,2,3,116,239.37,98.53,45.33,3.66,11.4469,42.8005,-59.2604
sea_016.jpg,9,#2655EC,38,85,236,225.78,83.75,92.53,3.48,42.7519,40.133,-79.7642
sea_016.jpg,10,#010352,1,3,82,238.5,99.05,32.17,2.17,6.1004,31.9075,-45.7829
sea_017.jpg,1,#0A13B0,10,19,176,236.51,94.54,69.07,17.09,22.572,54.7143,-78.3956
sea_017.jpg,2,#09119B,9,17,155,236.6,94.46,60.77,15.95,19.2969,49.3204,-71.003
sea_017.jpg,3,#1115EE,17,21,238,238.97,92.73,93.18,15.86,31.3662,71.1945,-99.5914
sea_017.jpg,4,#0C15C4,12,21,196,236.88,94.14,76.96,15.27,25.5964,59.8847,-85.3154
sea_017.jpg,5,#0E17D8,14,23,216,237.48,93.45,84.54,14.69,28.4417,64.8227,-91.8337
sea_017.jpg,6,#091088,9,16,136,236.76,93.65,53.36,12.79,16.4585,44.0398,-63.9732
sea_017.jpg,7,#223FE7,34,63,231,231.23,85.35,90.64,2.71,37.1765,51.6878,-86.2343
sea_017.jpg,8,#3755E0,55,85,224,229.45,75.54,88.0,2.35,42.2442,37.6457,-74.0339
sea_017.jpg,9,#4F71E1,79,113,225,225.75,65.09,88.25,1.75,50.652,23.0281,-60.6855
sea_017.jpg,10,#7092E4,112,146,228,222.25,50.64,89.27,1.55,61.438,10.4952,-44.8449
sea_018.jpg,1,#0127C0,1,39,192,228.19,99.26,75.42,17.25,27.5158,50.7318,-79.8039
sea_018.jpg,2,#023DDB,2,61,219,223.82,99.01,85.79,16.93,34.8158,47.6627,-83.0913
sea_018.jpg,3,#0351E6,3,81,230,219.43,98.7,90.05,16.52,40.485,39.2298,-79.9323
sea_018.jpg,4,#0464EE,4,100,238,215.48,98.48,93.43,14.61,45.948,30.4751,-75.8529
sea_018.jpg,5,#0671ED,6,113,237,212.19,97.48,93.13,10.45,49.5629,21.4082,-69.535
sea_018.jpg,6,#0221A6,2,33,166,228.66,98.65,65.2,9.62,23.2659,45.0566,-71.2974
sea_018.jpg,7,#1184E8,17,132,232,208.01,92.84,91.1,5.27,54.4038,8.2345,-58.8193
sea_018.jpg,8,#021559,2,21,89,227.03,97.84,34.84,3.79,10.9659,23.6716,-42.3497
sea_018.jpg,9,#042186,4,33,134,226.39,97.33,52.73,2.94,19.4704,33.5673,-57.9638
sea_018.jpg,10,#36A2EB,54,162,235,204.19,77.03,92.3,2.63,63.9478,-5.9394,-45.3109
sea_019.jpg,1,#043690,4,54,144,218.3,97.41,56.35,23.42,25.8561,22.8984,-53.2129
sea_019.jpg,2,#0B429A,11,66,154,216.63,93.14,60.29,16.75,30.2191,19.054,-52.2407
sea_019.jpg,3,#032B82,3,43,130,221.12,97.93,50.79,14.57,21.2576,25.2131,-51.9093
sea_019.jpg,4,#083483,8,52,131,218.8,93.84,51.51,10.99,24.0804,19.8451,-48.4373
sea_019.jpg,5,#1B53A8,27,83,168,216.06,84.1,65.75,9.43,36.4011,14.5439,-50.5853
sea_019.jpg,6,#144391,20,67,145,217.09,86.26,56.69,8.88,30.029,15.06,-46.9359
sea_019.jpg,7,#3769B6,55,105,182,216.53,69.9,71.55,4.81,44.613,9.4729,-46.0536
sea_019.jpg,8,#4F79B6,79,121,182,215.41,56.45,71.36,4.19,50.4642,3.6185,-36.4328
sea_019.jpg,9,#2A5598,42,85,152,216.4,72.6,59.64,4.05,36.4885,8.7531,-41.0692
sea_019.jpg,10,#6E99CF,110,153,207,213.05,46.81,81.04,2.91,62.2501,-0.3504,-31.8992
sea_020.jpg,1,#0225A4,2,37,164,227.04,98.62,64.19,17.37,23.7164,41.9553,-68.979
sea_020.jpg,2,#021095,2,16,149,234.26,98.48,58.43,16.97,18.2012,47.6073,-69.1506
sea_020.jpg,3,#0437AE,4,55,174,222.24,97.61,68.42,13.51,28.885,35.1187,-66.9385
sea_020.jpg,4,#0549BC,5,73,188,217.69,97.6,73.77,12.92,34.7992,28.4,-65.3004
sea_020.jpg,5,#010160,1,1,96,239.54,99.45,37.69,11.8,7.9191,37.9832,-52.313
sea_020.jpg,6,#03077A,3,7,122,237.77,97.8,47.82,9.41,13.0734,42.8784,-60.645
sea_020.jpg,7,#075FCF,7,95,207,213.71,96.68,81.26,8.91,42.2824,21.559,-64.1962
sea_020.jpg,8,#0D73DF,13,115,223,210.75,94.21,87.46,5.9,49.1928,14.6576,-62.0061
sea_020.jpg,9,#308CE4,48,140,228,209.44,78.71,89.25,2.11,56.9645,3.7812,-52.0731
sea_020.jpg,10,#6BB7F0,107,183,240,205.78,55.58,94.09,1.1,71.6203,-7.4695,-35.6769
sea_021.jpg,1,#02329B,2,50,155,221.08,98.94,60.74,20.21,25.7184,30.4031,-60.3129
sea_021.jpg,2,#023EB7,2,62,183,220.13,98.97,71.92,19.94,31.5573,33.6317,-67.8473
sea_021.jpg,3,#01237B,1,35,123,223.19,98.83,48.11,16.85,18.6141,27.3528,-51.9247
sea_021.jpg,4,#0A52DC,10,82,220,219.59,95.27,86.35,10.61,39.9859,35.1453,-75.3763
sea_021.jpg,5,#021959,2,25,89,224.2,97.51,35.01,9.2,12.23,20.6503,-40.5636
sea_021.jpg,6,#1965DD,25,101,221,216.8,88.82,86.72,7.35,45.1811,23.844,-67.428
sea_021.jpg,7,#297FE3,41,127,227,212.21,81.97,89.17,5.94,53.2753,10.5156,-57.8647
sea_021.jpg,8,#0B48A2,11,72,162,216.03,92.95,63.62,5.21,32.4382,18.9275,-53.7622
sea_021.jpg,9,#42A0E8,66,160,232,205.76,71.72,90.87,2.84,63.5288,-4.7483,-43.9456
sea_021.jpg,10,#275082,39,80,130,212.94,70.03,50.97,1.85,33.5184,3.1892,-32.3374
sea_022.jpg,1,#011F94,1,31,148,227.5,99.48,57.96,17.75,20.5846,39.579,-64.4446
sea_022.jpg,2,#0132A8,1,50,168,222.44,99.47,66.03,14.51,27.0706,35.7143,-66.2721
sea_022.jpg,3,#0E44B2,14,68,178,220.18,92.39,69.96,12.65,32.8194,28.0702,-62.8103
sea_022.jpg,4,#010C87,1,12,135,234.81,99.51,53.01,10.46,15.6337,44.8982,-64.8049
sea_022.jpg,5,#3650AF,54,80,175,227.25,69.02,68.78,8.61,37.2016,22.7871,-53.8153
sea_022.jpg,6,#071461,7,20,97,231.38,93.03,38.04,8.17,11.9412,28.0114,-46.2192
sea_022.jpg,7,#010F77,1,15,119,232.86,99.11,46.5,7.84,13.6556,38.3287,-57.5164
sea_022.jpg,8,#5A5BAC,90,91,172,239.18,47.41,67.27,7.65,42.2807,21.4064,-43.2619
sea_022.jpg,9,#242867,36,40,103,235.73,65.43,40.31,6.38,19.5601,19.4402,-37.4804
sea_022.jpg,10,#41448A,65,68,138,237.55,52.85,53.97,5.99,31.9476,19.4434,-39.4627
sea_023.jpg,1,#031D8D,3,29,141,228.63,97.69,55.24,17.79,19.3682,38.3839,-62.1554
sea_023.jpg,2,#030F74,3,15,116,233.61,97.16,45.43,16.01,13.3965,37.3531,-56.1749
sea_023.jpg,3,#0330A8,3,48,168,223.8,97.95,65.9,14.32,26.6095,36.9651,-66.8342
sea_023.jpg,4,#03055D,3,5,93,238.7,96.9,36.36,13.31,8.2021,34.8875,-49.5707
sea_023.jpg,5,#0445C8,4,69,200,220.03,98.21,78.52,12.43,34.926,35.5915,-72.19
sea_023.jpg,6,#030549,3,5,73,238.54,95.87,28.77,10.0,5.4926,27.0342,-40.7553
sea_023.jpg,7,#0660E8,6,96,232,216.14,97.62,91.11,8.26,44.5134,30.6767,-74.8686
sea_023.jpg,8,#6799DA,103,153,218,214.03,52.62,85.4,3.69,62.2139,1.7421,-38.1799
sea_023.jpg,9,#32528A,50,82,138,218.06,63.53,54.04,2.22,35.1823,6.7616,-34.4747
sea_023.jpg,10,#3066C2,48,102,194,217.6,75.43,76.11,1.97,44.361,14.3544,-53.2174
sea_024.jpg,1,#1368C2,19,104,194,210.68,90.41,76.03,17.38,44.1963,10.47,-53.3988
sea_024.jpg,2,#0E5BB2,14,91,178,211.89,92.04,69.94,16.61,39.2799,12.5714,-52.2702
sea_024.jpg,3,#094EA4,9,78,164,213.3,94.37,64.28,14.11,34.3797,15.1618,-51.6247
sea_024.jpg,4,#093275,9,50,117,217.34,92.67,46.04,10.94,22.3137,15.3071,-42.4919
sea_024.jpg,5,#09398A,9,57,138,217.41,93.75,54.21,10.71,26.3514,18.6861,-49.0305
sea_024.jpg,6,#094593,9,69,147,213.79,94.01,57.48,9.75,30.4044,14.1296,-47.5751
sea_024.jpg,7,#2D78CB,45,120,203,211.55,77.94,79.78,7.12,49.9004,6.3843,-49.7215
sea_024.jpg,8,#4E8CD8,78,140,216,213.0,63.82,84.69,5.85,57.4438,3.5206,-44.7468
sea_024.jpg,9,#6FA2E3,111,162,227,213.88,51.11,89.13,4.62,65.4962,1.3223,-38.2804
sea_024.jpg,10,#06285C,6,40,92,216.45,93.82,36.13,2.91,17.0065,11.3081,-34.6701
sea_025.jpg,1,#0168F5,1,104,245,214.57,99.69,96.11,20.13,47.7058,29.9592,-76.8084
sea_025.jpg,2,#0378E3,3,120,227,208.78,98.9,89.16,13.68,50.5655,13.4128,-62.2338
sea_025.jpg,3,#053F9E,5,63,158,217.2,96.92,61.95,13.33,29.5583,22.8185,-55.8929
sea_025.jpg,4,#045AC0,4,90,192,212.69,97.88,75.46,11.9,39.7948,18.7438,-59.679
sea_025.jpg,5,#042D7A,4,45,122,219.49,96.49,47.82,9.67,21.0955,20.7373,-47.3806
sea_025.jpg,6,#042C67,4,44,103,215.42,96.25,40.22,8.56,19.3003,12.3479,-37.8195
sea_025.jpg,7,#118BF3,17,139,243,207.65,93.02,95.34,8.39,57.102,7.9563,-60.4987
sea_025.jpg,8,#05355F,5,53,95,208.19,95.04,37.26,8.28,21.4497,2.9791,-29.4163
sea_025.jpg,9,#20516B,32,81,107,200.97,70.15,41.92,3.05,32.2655,-7.2042,-19.9481
sea_025.jpg,10,#1A5A92,26,90,146,208.21,81.91,57.14,3.02,36.9858,1.3358,-36.4547
sea_026.jpg,1,#011FEC,1,31,236,232.21,99.72,92.67,47.09,31.964,67.5133,-97.8618
sea_026.jpg,2,#0114DE,1,20,222,234.87,99.68,87.23,23.69,28.8724,67.4099,-95.0895
sea_026.jpg,3,#0109CC,1,9,204,237.64,99.73,79.86,9.74,25.3504,65.0656,-90.0662
sea_026.jpg,4,#0117BF,1,23,191,233.12,99.36,74.96,5.49,24.9132,57.6112,-83.4432
sea_026.jpg,5,#0124DB,1,36,219,230.41,99.48,85.71,4.91,30.2808,60.5149,-90.5023
sea_026.jpg,6,#0216A8,2,22,168,232.53,99.03,65.77,3.45,21.6193,50.8721,-74.9081
sea_026.jpg,7,#01118C,1,17,140,233.3,98.98,54.84,2.39,16.9615,44.476,-65.5182
sea_026.jpg,8,#010B6F,1,11,111,234.73,98.74,43.46,1.82,11.904,37.664,-55.4011
sea_026.jpg,9,#010950,1,9,80,234.38,98.2,31.49,1.07,7.0845,27.8928,-42.9505
sea_026.jpg,10,#365B9D,54,91,157,218.42,65.63,61.53,0.33,39.05,8.795,-39.8529
sea_027.jpg,1,#0100CC,1,0,204,240.29,99.91,80.0,14.93,24.858,66.9009,-91.1067
sea_027.jpg,2,#000144,0,1,68,239.55,99.72,26.64,11.65,3.91,25.5821,-39.5439
sea_027.jpg,3,#00014F,0,1,79,239.46,99.82,30.95,11.21,5.2607,31.4598,-45.0189
sea_027.jpg,4,#010183,1,1,131,240.02,99.57,51.45,10.3,13.5881,48.1363,-65.7031
sea_027.jpg,5,#000094,0,0,148,239.96,99.82,58.16,9.86,16.2889,52.7451,-71.925
sea_027.jpg,6,#000173,0,1,115,239.75,99.83,45.12,9.75,10.9532,43.6763,-59.7432
sea_027.jpg,7,#0000B8,0,0,184,239.95,99.89,72.21,8.99,21.8508,61.9181,-84.4008
sea_027.jpg,8,#0000A6,0,0,166,240.0,99.82,65.01,8.09,19.0213,57.2821,-78.0748
sea_027.jpg,9,#0001DE,0,1,222,239.95,99.82,87.15,7.77,27.5711,71.2597,-97.1384
sea_027.jpg,10,#000163,0,1,99,239.64,99.64,38.79,7.45,8.319,38.9847,-53.5224
sea_028.jpg,1,#013CA8,1,60,168,218.85,99.17,65.72,19.88,29.5343,28.7029,-61.7357
sea_028.jpg,2,#012D90,1,45,144,221.44,99.17,56.59,17.11,23.4814,29.2053,-57.4938
sea_028.jpg,3,#014FBA,1,79,186,214.93,99.2,73.01,13.59,36.187,23.5628,-61.9017
sea_028.jpg,4,#025BC0,2,91,192,211.85,99.04,75.24,12.5,40.0692,17.6438,-58.9137
sea_028.jpg,5,#1269C9,18,105,201,211.38,91.08,78.81,11.67,44.9266,12.6302,-56.3131
sea_028.jpg,6,#01277D,1,39,125,221.81,98.99,48.93,10.45,19.6948,25.9044,-51.4776
sea_028.jpg,7,#2F7BD1,47,123,209,211.73,77.74,82.04,7.77,51.1746,6.7989,-50.9662
sea_028.jpg,8,#06405B,6,64,91,198.75,93.66,35.51,2.59,25.1234,-6.6564,-20.6756
sea_028.jpg,9,#166F97,22,111,151,198.61,85.39,59.19,2.31,43.8869,-10.2028,-28.7172
sea_028.jpg,10,#044883,4,72,131,208.11,96.75,51.3,2.13,29.9917,5.399,-38.5264
sea_029.jpg,1,#2F78EF,47,120,239,216.96,80.37,93.54,19.21,52.2199,19.4857,-65.7795
sea_029.jpg,2,#1D53BC,29,83,188,219.71,84.51,73.89,18.61,38.0248,22.9292,-60.2053
sea_029.jpg,3,#1744A4,23,68,164,220.75,85.89,64.31,18.24,31.889,22.6603,-55.712
sea_029.jpg,4,#2667D8,38,103,216,218.18,82.15,84.54,17.3,45.6813,21.2174,-63.4349
sea_029.jpg,5,#15398E,21,57,142,222.26,84.93,55.81,10.33,26.9314,21.4436,-50.5923
sea_029.jpg,6,#222959,34,41,89,233.01,61.19,34.75,5.43,18.4814,13.5116,-29.8653
sea_029.jpg,7,#435295,67,82,149,229.39,54.87,58.31,3.62,36.5959,14.7399,-38.7793
sea_029.jpg,8,#6487DA,100,135,218,221.88,54.25,85.44,3.6,57.2463,11.2141,-46.0727
sea_029.jpg,9,#67AAD5,103,170,213,203.41,51.71,83.58,2.08,66.889,-9.4233,-28.3565
sea_029.jpg,10,#41678F,65,103,143,210.36,54.8,56.06,1.57,42.5485,-1.5926,-25.9556
sea_030.jpg,1,#03479F,3,71,159,213.65,98.4,62.42,33.5,31.9664,17.4951,-52.6913
sea_030.jpg,2,#0554AC,5,84,172,211.76,96.89,67.47,22.73,36.5988,14.4718,-52.8798
sea_030.jpg,3,#1062BC,16,98,188,211.57,91.34,73.66,15.24,41.828,12.2688,-53.7147
sea_030.jpg,4,#2273CB,34,115,203,211.3,83.09,79.66,7.68,48.1886,8.3277,-52.2976
sea_030.jpg,5,#023B96,2,59,150,216.8,98.59,58.71,6.29,27.7155,21.946,-53.8769
sea_030.jpg,6,#3D71A5,61,113,165,209.89,62.98,64.51,4.77,46.2754,-0.9191,-32.9119
sea_030.jpg,7,#1A4C8D,26,76,141,213.79,81.87,55.48,2.66,32.6026,8.3479,-40.892
sea_030.jpg,8,#5892C0,88,146,192,206.44,54.21,75.24,2.47,58.4442,-5.7789,-29.5932
sea_030.jpg,9,#314C75,49,76,117,216.37,58.26,45.79,2.45,31.8696,3.2574,-26.6993
sea_030.jpg,10,#458CDD,69,140,221,212.08,68.98,86.78,2.21,57.2138,4.1012,-48.1157
sea_031.jpg,1,#035DEB,3,93,235,216.75,98.87,92.17,23.99,43.9272,33.5967,-77.3403
sea_031.jpg,2,#025FDF,2,95,223,214.82,99.05,87.46,15.85,43.5016,27.5516,-71.2486
sea_031.jpg,3,#0346CC,3,70,204,219.99,98.54,79.87,13.23,35.461,36.3079,-73.3054
sea_031.jpg,4,#054EBF,5,78,191,216.47,97.55,74.72,12.64,36.2824,26.1789,-64.3041
sea_031.jpg,5,#0468DE,4,104,222,212.39,98.19,87.1,11.25,46.0135,21.0573,-66.6341
sea_031.jpg,6,#0437A3,4,55,163,220.92,97.39,63.82,6.55,27.7395,30.4838,-61.7679
sea_031.jpg,7,#084098,8,64,152,216.76,94.95,59.6,5.95,29.2476,20.0936,-52.7619
sea_031.jpg,8,#304172,48,65,114,224.31,58.24,44.84,4.78,28.4969,9.0747,-30.5153
sea_031.jpg,9,#226DCA,34,109,202,213.08,83.14,79.19,3.75,46.4619,11.4529,-54.3773
sea_031.jpg,10,#669EE4,102,158,228,213.43,55.3,89.47,2.01,64.0249,1.7956,-41.0955
sea_032.jpg,1,#023AC9,2,58,201,223.01,99.21,78.63,15.71,32.2993,42.6987,-76.6755
sea_032.jpg,2,#014BD8,1,75,216,219.56,99.33,84.83,15.39,37.7833,38.0251,-76.7868
sea_032.jpg,3,#0229AE,2,41,174,226.25,98.99,68.42,14.39,25.846,43.3183,-71.9664
sea_032.jpg,4,#015CE7,1,92,231,216.38,99.36,90.61,12.93,43.3752,32.5764,-76.0043
sea_032.jpg,5,#021A94,2,26,148,230.02,98.92,57.84,10.8,19.4906,42.615,-66.0756
sea_032.jpg,6,#010E77,1,14,119,233.51,99.01,46.82,8.72,13.5983,39.1253,-58.1282
sea_032.jpg,7,#01075C,1,7,92,235.74,99.11,36.13,7.75,8.4683,33.1818,-48.7339
sea_032.jpg,8,#010448,1,4,72,237.02,99.2,28.18,7.02,5.046,26.2327,-40.4424
sea_032.jpg,9,#0370F3,3,112,243,212.76,98.8,95.39,6.93,49.6082,24.3843,-72.6786
sea_032.jpg,10,#0EA7F6,14,167,246,200.37,94.39,96.38,0.36,65.2531,-7.5829,-48.9835
sea_033.jpg,1,#1C22B1,28,34,177,237.64,83.91,69.34,14.61,25.5032,48.8926,-73.9185
sea_033.jpg,2,#3D3DD5,61,61,213,240.17,71.52,83.34,12.6,36.0926,48.6936,-77.3174
sea_033.jpg,3,#050950,5,9,80,236.41,93.74,31.24,11.15,7.3303,27.5844,-42.1035
sea_033.jpg,4,#060B61,6,11,97,236.7,93.47,38.22,10.91,10.2641,33.1198,-49.3066
sea_033.jpg,5,#242AC4,36,42,196,237.5,81.79,76.94,10.49,29.5365,51.3338,-78.704
sea_033.jpg,6,#090E75,9,14,117,237.4,92.17,45.84,9.95,13.5309,38.6258,-56.6283
sea_033.jpg,7,#534CDF,83,76,223,242.83,65.77,87.49,9.63,41.8451,45.6996,-73.8765
sea_033.jpg,8,#131AA1,19,26,161,237.08,88.32,62.96,9.47,21.635,47.5129,-70.511
sea_033.jpg,9,#0D148E,13,20,142,236.72,90.52,55.58,8.21,18.1389,43.7591,-64.7267
sea_033.jpg,10,#6A63EC,106,99,236,243.02,58.23,92.59,2.98,49.4352,40.2913,-68.7968
sea_034.jpg,1,#3F6BB6,63,107,182,218.16,65.18,71.49,12.69,45.5239,9.6167,-44.4824
sea_034.jpg,2,#041994,4,25,148,231.17,97.53,58.14,12.61,19.479,43.4167,-66.564
sea_034.jpg,3,#194B93,25,75,147,215.57,83.21,57.84,12.28,32.5261,11.7365,-44.6901
sea_034.jpg,4,#083484,8,52,132,219.02,93.58,51.74,11.32,24.1366,20.1207,-48.7104
sea_034.jpg,5,#6B88CD,107,136,205,222.11,47.85,80.25,11.31,57.1551,8.3913,-38.7418
sea_034.jpg,6,#0D1A52,13,26,82,228.69,84.13,32.17,9.58,12.1933,17.8938,-35.7042
sea_034.jpg,7,#2A91EE,42,145,238,208.5,82.49,93.29,7.89,58.7897,3.977,-54.8958
sea_034.jpg,8,#0864CF,8,100,207,212.34,96.08,81.0,7.88,43.6075,18.1194,-61.6626
sea_034.jpg,9,#050E72,5,14,114,234.99,95.43,44.86,7.82,13.1094,37.4064,-55.715
sea_034.jpg,10,#0539AE,5,57,174,221.49,97.19,68.25,6.61,29.4643,33.3434,-65.7242
sea_035.jpg,1,#061273,6,18,115,233.49,94.46,45.07,35.3,13.9117,35.6246,-54.7281
sea_035.jpg,2,#071268,7,18,104,233.2,93.36,40.91,27.71,12.4915,31.9132,-50.1487
sea_035.jpg,3,#071481,7,20,129,233.63,94.52,50.56,15.26,16.1459,39.5205,-59.9828
sea_035.jpg,4,#1028E1,16,40,225,232.91,93.04,88.29,6.38,32.0211,60.6989,-91.3793
sea_035.jpg,5,#0B20BD,11,32,189,233.22,93.94,74.18,4.72,26.049,53.597,-80.3748
sea_035.jpg,6,#09199C,9,25,156,233.39,94.47,61.03,3.68,20.5537,46.051,-69.319
sea_035.jpg,7,#2145EE,33,69,238,229.53,85.96,93.36,2.77,39.1989,50.3233,-86.8161
sea_035.jpg,8,#849BF6,132,155,246,227.93,46.32,96.6,1.43,65.8215,15.5928,-48.1428
sea_035.jpg,9,#3F5FF0,63,95,240,229.1,73.7,94.13,1.42,46.4275,37.4623,-76.0161
sea_035.jpg,10,#5F7CF3,95,124,243,228.29,60.99,95.48,1.34,55.4114,25.5191,-63.291
sea_036.jpg,1,#13267C,19,38,124,229.35,84.33,48.49,25.53,19.9101,27.1631,-50.3952
sea_036.jpg,2,#0F206C,15,32,108,229.04,86.43,42.44,17.03,16.5392,24.8206,-46.0163
sea_036.jpg,3,#172E8E,23,46,142,228.32,83.42,55.51,16.06,24.0539,28.6993,-54.8255
sea_036.jpg,4,#2348C1,35,72,193,226.0,81.95,75.67,12.2,35.598,32.5665,-66.8111
sea_036.jpg,5,#1C3BAB,28,59,171,226.82,83.57,66.97,11.43,30.2734,31.7046,-62.4233
sea_036.jpg,6,#2954D4,41,84,212,224.7,80.78,83.2,8.38,40.6419,32.003,-69.6819
sea_036.jpg,7,#3466DF,52,102,223,222.4,76.67,87.36,5.67,46.3962,25.7387,-66.3492
sea_036.jpg,8,#325AC2,50,90,194,223.44,74.4,76.16,2.21,40.9263,22.8962,-58.8309
sea_036.jpg,9,#4F82EE,79,130,238,220.83,66.75,93.19,1.05,55.786,17.3971,-59.4879
sea_036.jpg,10,#6FA0EF,111,160,239,217.25,53.55,93.77,0.44,65.4632,6.0955,-44.8426
sea_037.jpg,1,#0665B7,6,101,183,207.68,96.79,71.68,19.97,42.4388,7.4641,-49.7953
sea_037.jpg,2,#1D76C2,29,118,194,207.65,85.28,76.15,19.3,48.3658,2.6759,-46.8893
sea_037.jpg,3,#4189CF,65,137,207,209.65,68.43,81.1,14.27,55.5644,0.1943,-42.5992
sea_037.jpg,4,#034E9E,3,78,158,210.88,98.36,62.07,13.57,33.9071,12.4374,-49.0032
sea_037.jpg,5,#0B599C,11,89,156,207.64,92.69,61.09,9.47,37.217,4.4231,-42.1841
sea_037.jpg,6,#6A9DD7,106,157,215,212.07,50.68,84.24,7.75,63.2931,-0.7208,-34.8461
sea_037.jpg,7,#023477,2,52,119,214.2,98.47,46.65,6.89,23.0509,13.6899,-42.2892
sea_037.jpg,8,#3A618A,58,97,138,210.61,58.32,54.18,3.3,40.0587,-0.9712,-26.9815
sea_037.jpg,9,#2A4658,42,70,88,203.28,52.62,34.68,3.07,28.4575,-4.9903,-14.0346
sea_037.jpg,10,#10395E,16,57,94,208.7,82.42,36.67,2.41,23.0116,0.7534,-25.9216
sea_038.jpg,1,#000352,0,3,82,237.79,99.78,32.01,18.1,6.0814,31.4665,-45.5289
sea_038.jpg,2,#000445,0,4,69,236.73,99.72,27.24,16.6,4.72,24.9206,-39.2851
sea_038.jpg,3,#000461,0,4,97,237.68,99.7,38.21,15.75,8.6607,36.7336,-51.9692
sea_038.jpg,4,#000674,0,6,116,237.09,99.6,45.41,11.27,11.8901,41.4049,-58.6543
sea_038.jpg,5,#010989,1,9,137,236.33,99.61,53.57,9.95,15.4332,46.5691,-66.0387
sea_038.jpg,6,#011ABB,1,26,187,231.85,99.54,73.23,9.62,24.7159,55.0764,-81.1673
sea_038.jpg,7,#010E9F,1,14,159,234.77,99.58,62.2,9.5,19.3017,51.1673,-73.2288
sea_038.jpg,8,#202356,32,35,86,236.02,63.12,33.74,3.34,16.4859,15.8226,-31.3679
sea_038.jpg,9,#1E317F,30,49,127,227.73,76.63,49.68,3.16,23.7689,21.4049,-45.986
sea_038.jpg,10,#4D5798,77,87,152,232.49,49.02,59.55,2.7,38.9536,14.91,-36.8979
sea_039.jpg,1,#073FBA,7,63,186,221.12,96.2,73.07,21.92,32.2827,33.9593,-68.3805
sea_039.jpg,2,#0932A1,9,50,161,223.56,94.47,63.01,15.9,26.5629,32.6419,-62.4439
sea_039.jpg,3,#0572E9,5,114,233,211.29,97.88,91.42,13.03,49.471,19.1526,-67.2324
sea_039.jpg,4,#0364E7,3,100,231,214.54,98.71,90.41,12.24,45.3362,27.4705,-72.511
sea_039.jpg,5,#034ED9,3,78,217,218.92,98.67,85.06,9.92,38.6881,36.0985,-75.6373
sea_039.jpg,6,#107EE8,16,126,232,209.52,93.02,91.0,9.85,52.7544,11.6917,-61.3371
sea_039.jpg,7,#09257F,9,37,127,225.35,93.24,49.74,6.71,19.7774,28.0191,-52.6475
sea_039.jpg,8,#6592E5,101,146,229,218.52,56.0,89.67,4.3,60.8497,8.2764,-46.376
sea_039.jpg,9,#08205C,8,32,92,222.61,91.71,36.15,3.08,14.7643,17.1651,-38.3432
sea_039.jpg,10,#19445F,25,68,95,203.18,73.65,37.17,3.06,27.1282,-4.8724,-20.2518
sea_040.jpg,1,#0186DC,1,134,220,203.58,99.75,86.46,14.62,54.3006,1.7075,-52.3781
sea_040.jpg,2,#0E94DD,14,148,221,201.27,93.59,86.63,13.4,58.378,-5.6955,-46.1338
sea_040.jpg,3,#0176D4,1,118,212,206.72,99.74,83.29,12.37,49.1811,8.3905,-56.0101
sea_040.jpg,4,#0164CB,1,100,203,210.55,99.7,79.76,10.43,43.4639,16.2553,-60.0753
sea_040.jpg,5,#0150C0,1,80,192,215.12,99.61,75.28,10.29,37.0207,24.9596,-63.9313
sea_040.jpg,6,#2DA6E3,45,166,227,200.24,80.36,89.05,9.18,64.3232,-11.6054,-40.1778
sea_040.jpg,7,#0162B2,1,98,178,207.15,99.45,69.65,8.68,41.0188,7.4153,-49.0352
sea_040.jpg,8,#027AC4,2,122,196,202.9,98.73,76.72,8.65,49.3438,-0.5291,-46.1789
sea_040.jpg,9,#6BB2E0,107,178,224,203.29,52.33,87.81,7.79,69.8179,-9.9175,-29.7471
sea_040.jpg,10,#013D90,1,61,144,214.74,99.14,56.5,4.59,27.8456,17.9884,-50.2071
sea_041.jpg,1,#052B99,5,43,153,224.49,96.52,59.81,16.95,23.9087,34.0302,-61.8503
sea_041.jpg,2,#053BBB,5,59,187,222.15,97.43,73.34,16.82,31.2288,37.0577,-70.533
sea_041.jpg,3,#06227A,6,34,122,225.94,94.68,47.8,15.8,18.1955,28.6052,-52.1164
sea_041.jpg,4,#021656,2,22,86,225.84,98.01,33.61,13.31,10.8047,21.7309,-40.5024
sea_041.jpg,5,#0756E2,7,86,226,218.26,96.87,88.45,12.67,41.5353,34.2365,-75.8952
sea_041.jpg,6,#106EE5,16,110,229,213.6,92.9,89.68,7.42,48.0563,20.5773,-67.0379
sea_041.jpg,7,#1449B5,20,73,181,220.01,89.23,71.14,5.97,34.6413,25.8951,-61.5973
sea_041.jpg,8,#1043DE,16,67,222,225.11,92.85,86.94,4.91,36.6889,45.1908,-81.6607
sea_041.jpg,9,#1489ED,20,137,237,207.79,91.51,93.03,4.67,56.1625,7.1761,-58.7351
sea_041.jpg,10,#14ADF4,20,173,244,199.08,91.91,95.61,1.49,66.8011,-11.1512,-45.4677
sea_042.jpg,1,#0571CD,5,113,205,207.66,97.41,80.48,21.6,47.3354,8.8328,-54.8864
sea_042.jpg,2,#0D7FD9,13,127,217,206.72,93.8,85.25,14.85,52.0493,5.4548,-54.2312
sea_042.jpg,3,#0666BC,6,102,188,208.51,96.82,73.74,14.83,42.8814,9.3518,-52.1354
sea_042.jpg,4,#065BAA,6,91,170,208.95,96.65,66.72,11.69,38.5317,9.0521,-48.6305
sea_042.jpg,5,#065298,6,82,152,208.88,95.76,59.65,9.82,34.6972,7.447,-44.0158
sea_042.jpg,6,#398DE3,57,141,227,210.45,74.87,89.21,8.07,57.5739,3.9109,-51.0325
sea_042.jpg,7,#629DEB,98,157,235,214.23,58.36,92.16,6.39,63.8516,3.7571,-45.1644
sea_042.jpg,8,#074883,7,72,131,208.51,94.55,51.52,6.33,30.3401,5.2607,-38.3242
sea_042.jpg,9,#83AEF1,131,174,241,216.73,45.6,94.52,5.53,70.4246,3.2279,-38.043
sea_042.jpg,10,#19456D,25,69,109,208.01,77.06,42.56,0.9,28.4192,-0.5548,-27.0254
sea_043.jpg,1,#095CD3,9,92,211,215.4,95.72,82.85,12.29,41.8748,25.0079,-67.1806
sea_043.jpg,2,#3B91E9,59,145,233,210.47,74.51,91.18,11.87,58.8786,3.9044,-51.7389
sea_043.jpg,3,#499DEB,73,157,235,209.11,68.77,92.14,11.41,62.8359,-0.3507,-46.8039
sea_043.jpg,4,#136BDD,19,107,221,213.73,91.51,86.64,11.32,46.8735,19.211,-64.5659
sea_043.jpg,5,#2F84E5,47,132,229,211.97,79.43,89.7,11.18,54.7948,8.7518,-56.178
sea_043.jpg,6,#2178E1,33,120,225,212.94,85.38,88.38,10.91,50.8595,13.8294,-60.6235
sea_043.jpg,7,#5AA8EC,90,168,236,208.16,61.78,92.72,10.75,66.6968,-3.5085,-41.5045
sea_043.jpg,8,#0649BF,6,73,191,218.1,96.94,74.96,9.62,35.2726,29.1731,-66.3161
sea_043.jpg,9,#72B3EC,114,179,236,208.0,51.66,92.47,6.55,70.7626,-5.1281,-34.7479
sea_043.jpg,10,#05339E,5,51,158,221.93,96.93,61.99,4.11,26.3594,31.113,-61.2044
sea_044.jpg,1,#1E67B2,30,103,178,210.37,82.92,69.74,16.16,43.1064,5.677,-45.808
sea_044.jpg,2,#1575BB,21,117,187,205.35,88.76,73.47,14.19,47.6301,-0.0124,-44.1331
sea_044.jpg,3,#1F8DC1,31,141,193,199.45,83.8,75.68,12.55,55.1299,-10.9536,-35.5128
sea_044.jpg,4,#2585C5,37,133,197,203.99,81.34,77.08,12.29,53.0278,-4.604,-40.8494
sea_044.jpg,5,#2298C4,34,152,196,196.39,82.72,77.02,11.11,58.7925,-15.8792,-31.7339
sea_044.jpg,6,#1A57A5,26,87,165,213.65,84.5,64.66,11.09,37.2987,10.7851,-47.4758
sea_044.jpg,7,#4477BC,68,119,188,214.39,64.01,73.78,7.71,49.5831,4.7671,-41.407
sea_044.jpg,8,#0B78AE,11,120,174,199.66,93.41,68.06,7.57,47.8171,-7.8667,-35.8515
sea_044.jpg,9,#3EADCB,62,173,203,192.96,69.38,79.59,4.86,65.7841,-21.3351,-24.5568
sea_044.jpg,10,#6E9CDA,110,156,218,214.69,49.73,85.62,2.47,63.3421,1.8219,-36.7024
sea_045.jpg,1,#2055BB,32,85,187,219.38,82.9,73.52,22.34,38.6978,21.1764,-58.5478
sea_045.jpg,2,#194DAB,25,77,171,218.81,85.12,67.07,20.39,34.8808,19.8721,-55.0428
sea_045.jpg,3,#2B63CF,43,99,207,219.45,79.2,81.26,13.86,44.2477,20.7793,-60.9784
sea_045.jpg,4,#13439A,19,67,154,218.72,87.47,60.31,13.31,30.5872,19.1595,-51.6691
sea_045.jpg,5,#195796,25,87,150,210.17,83.42,58.83,9.39,36.436,4.5237,-39.9458
sea_045.jpg,6,#174FA1,23,79,161,215.65,85.87,63.2,7.25,34.6761,14.276,-49.4791
sea_045.jpg,7,#1B6FAA,27,111,170,204.57,84.02,66.54,6.34,45.0206,-2.8245,-37.9951
sea_045.jpg,8,#417CE8,65,124,232,218.61,72.01,90.88,4.52,53.4229,16.5616,-60.0229
sea_045.jpg,9,#408BAD,64,139,173,199.07,63.28,68.0,1.44,54.4843,-12.3232,-25.2769
sea_045.jpg,10,#315476,49,84,118,209.48,58.08,46.26,1.16,34.7167,-1.8066,-22.9871
sea_046.jpg,1,#3E99E9,62,153,233,208.02,73.33,91.23,13.55,61.3545,-0.6433,-47.8759
sea_046.jpg,2,#56B5EB,86,181,235,201.79,63.43,92.12,12.31,70.1222,-11.8732,-35.3312
sea_046.jpg,3,#6CC4ED,108,196,237,198.72,54.31,92.75,12.21,75.4179,-15.5305,-27.971
sea_046.jpg,4,#47A6EA,71,166,234,205.21,69.51,91.81,12.13,65.3399,-6.1461,-42.3953
sea_046.jpg,5,#2E7FCD,46,127,205,209.58,77.32,80.23,10.67,51.8967,2.9824,-47.19
sea_046.jpg,6,#3086E1,48,134,225,211.07,78.53,88.3,9.32,55.0878,6.5581,-53.7057
sea_046.jpg,7,#2060B1,32,96,177,213.25,82.05,69.33,8.85,41.0681,9.7655,-48.4601
sea_046.jpg,8,#80D5EF,128,213,239,194.08,46.47,93.74,7.45,80.9544,-19.0158,-20.8107
sea_046.jpg,9,#124395,18,67,149,217.54,87.59,58.39,7.11,30.2729,16.8633,-49.1911
sea_046.jpg,10,#082873,8,40,115,221.82,93.3,45.28,6.41,19.3945,21.1812,-46.0155
sea_047.jpg,1,#2D67CC,45,103,204,218.17,77.88,80.09,20.8,45.1332,17.4589,-57.8253
sea_047.jpg,2,#3973D6,57,115,214,218.01,73.23,83.89,20.37,49.3918,15.1355,-56.4839
sea_047.jpg,3,#2660BD,38,96,189,217.08,80.02,74.21,20.24,41.8341,15.7076,-54.4879
sea_047.jpg,4,#457FDE,69,127,222,217.37,68.71,86.95,15.43,53.6753,12.1039,-53.9885
sea_047.jpg,5,#528AE3,82,138,227,216.82,63.81,89.04,12.7,57.6234,9.1803,-50.653
sea_047.jpg,6,#2265B7,34,101,183,213.05,81.61,71.62,5.03,42.6886,9.5628,-49.2696
sea_047.jpg,7,#2079C0,32,121,192,206.65,83.11,75.3,2.66,49.2829,0.1807,-44.1869
sea_047.jpg,8,#3086B9,48,134,185,202.42,74.21,72.46,1.59,52.9817,-8.142,-34.1706
sea_047.jpg,9,#4EA8C7,78,168,199,195.26,60.97,77.95,0.93,64.7219,-17.7279,-23.821
sea_047.jpg,10,#2A3B55,42,59,85,215.55,51.3,33.5,0.25,24.7062,1.0578,-17.8768
sea_048.jpg,1,#14234B,20,35,75,223.82,73.02,29.46,18.61,14.7734,9.22,-26.7737
sea_048.jpg,2,#4275EF,66,117,239,222.43,72.25,93.54,15.67,51.8466,23.9553,-66.3514
sea_048.jpg,3,#1B2F67,27,47,103,223.95,73.73,40.26,15.63,21.0367,12.9113,-35.0331
sea_048.jpg,4,#2A4AA5,42,74,165,224.38,74.48,64.63,13.73,34.1941,21.0877,-52.4244
sea_048.jpg,5,#355DCC,53,93,204,224.13,74.14,79.91,12.93,42.5545,24.8409,-61.7156
sea_048.jpg,6,#223C84,34,60,132,224.19,73.89,51.69,12.0,27.4281,16.6917,-43.245
sea_048.jpg,7,#4E88EC,78,136,236,217.97,66.86,92.46,4.97,57.3454,12.7869,-55.9591
sea_048.jpg,8,#3B68B3,59,104,179,217.91,66.86,70.29,3.04,44.2406,9.8466,-44.7561
sea_048.jpg,9,#6AA4E3,106,164,227,211.3,53.06,88.92,1.89,65.875,-1.1702,-37.414
sea_048.jpg,10,#274463,39,68,99,211.65,60.29,38.85,1.54,27.9028,-0.0973,-21.7492
sea_049.jpg,1,#010D57,1,13,87,231.72,98.95,34.22,21.83,8.839,28.2503,-44.8167
sea_049.jpg,2,#01186E,1,24,110,227.71,98.73,43.23,19.27,14.2875,30.2901,-51.054
sea_049.jpg,3,#022A89,2,42,137,222.19,98.48,53.79,14.93,21.9158,28.6147,-55.6289
sea_049.jpg,4,#000A48,0,10,72,231.62,99.78,28.31,14.57,6.2592,23.261,-38.6724
sea_049.jpg,5,#085591,8,85,145,206.28,94.33,57.03,6.37,35.3232,2.5571,-38.9637
sea_049.jpg,6,#0375B4,3,117,180,201.41,98.19,70.69,5.71,47.0628,-3.6014,-40.9403
sea_049.jpg,7,#0393C8,3,147,200,196.08,98.66,78.39,5.36,57.133,-13.5263,-36.3147
sea_049.jpg,8,#054FA6,5,79,166,212.28,97.17,65.03,4.28,34.7714,15.0317,-52.1374
sea_049.jpg,9,#043072,4,48,114,216.27,96.65,44.85,3.86,21.3031,15.1944,-42.2057
sea_049.jpg,10,#15B0D9,21,176,217,192.7,90.56,85.17,3.81,66.551,-22.0413,-31.2766
sea_050.jpg,1,#236ECC,35,110,204,213.5,82.69,80.14,12.61,46.8361,12.091,-55.1756
sea_050.jpg,2,#1566CE,21,102,206,213.83,89.66,80.83,11.93,44.3861,16.9867,-60.1483
sea_050.jpg,3,#3276CB,50,118,203,213.23,75.41,79.55,11.41,49.4532,7.9499,-50.0895
sea_050.jpg,4,#0C5DCF,12,93,207,214.85,94.38,81.01,11.39,41.9138,22.3359,-64.4262
sea_050.jpg,5,#024ED0,2,78,208,217.9,99.15,81.45,11.36,37.7393,32.8151,-71.8968
sea_050.jpg,6,#0554CE,5,84,206,216.3,97.48,80.72,10.68,39.3999,27.6838,-68.104
sea_050.jpg,7,#4380CB,67,128,203,213.15,66.78,79.57,9.72,52.9024,4.4461,-44.5898
sea_050.jpg,8,#0147D1,1,71,209,219.87,99.55,82.1,7.97,36.1976,37.8134,-75.3799
sea_050.jpg,9,#588BCB,88,139,203,213.54,56.33,79.41,7.13,56.8498,1.9099,-38.0834
sea_050.jpg,10,#719BD0,113,155,208,213.15,45.8,81.53,5.79,62.9867,-0.395,-31.4426
sea_051.jpg,1,#010C85,1,12,133,234.98,99.2,52.17,26.92,15.3098,44.3087,-63.9861
sea_051.jpg,2,#010E95,1,14,149,234.83,99.02,58.36,23.52,17.8782,48.3652,-69.5792
sea_051.jpg,3,#0211A5,2,17,165,234.25,99.07,64.69,22.06,20.5623,52.0713,-75.0102
sea_051.jpg,4,#010A75,1,10,117,235.04,99.37,45.96,14.51,12.7241,40.0174,-58.1828
sea_051.jpg,5,#1C35DC,28,53,220,232.11,87.32,86.23,3.42,33.9031,52.9938,-85.2256
sea_051.jpg,6,#1B3694,27,54,148,226.49,81.7,58.22,3.25,26.9293,26.2841,-54.3604
sea_051.jpg,7,#394AD7,57,74,215,233.43,73.57,84.17,2.41,38.9778,41.0197,-73.8053
sea_051.jpg,8,#315EAE,49,94,174,218.53,71.77,68.26,2.01,40.7221,12.4984,-47.3766
sea_051.jpg,9,#07244F,7,36,79,215.73,90.87,31.09,1.27,14.9529,8.0792,-29.3499
sea_051.jpg,10,#2F79A4,47,121,164,202.02,71.35,64.25,0.63,48.1755,-8.3444,-29.5824
sea_052.jpg,1,#00134A,0,19,74,224.68,99.69,29.02,22.34,8.686,18.2418,-35.9467
sea_052.jpg,2,#00195F,0,25,95,224.29,99.62,37.3,18.55,12.8141,23.0027,-43.5164
sea_052.jpg,3,#002176,0,33,118,223.38,99.68,46.08,17.17,17.3465,26.9792,-50.7089
sea_052.jpg,4,#00288D,0,40,141,223.3,99.71,55.4,11.41,21.6711,31.9202,-58.5966
sea_052.jpg,5,#0033AB,0,51,171,222.34,99.71,66.98,10.33,27.4877,36.1632,-67.0381
sea_052.jpg,6,#013DC9,1,61,201,221.86,99.7,78.75,8.4,33.0515,40.777,-75.6095
sea_052.jpg,7,#0154E8,1,84,232,218.38,99.54,90.99,7.69,41.5624,37.7935,-79.5313
sea_052.jpg,8,#032C57,3,44,87,211.17,96.2,34.12,1.82,17.8081,5.7821,-29.9593
sea_052.jpg,9,#174053,23,64,83,199.23,72.08,32.5,1.37,25.081,-7.1595,-15.6943
sea_052.jpg,10,#2C7591,44,117,145,196.62,69.77,56.77,0.93,45.9597,-13.1011,-21.8084
sea_053.jpg,1,#3486DC,52,134,220,210.8,76.31,86.35,17.75,55.0097,4.9439,-51.0354
sea_053.jpg,2,#2974CF,41,116,207,212.76,80.11,81.16,16.17,48.9623,9.5824,-53.2288
sea_053.jpg,3,#4395E5,67,149,229,209.57,70.98,90.0,15.94,60.2724,1.0417,-47.8469
sea_053.jpg,4,#76B0E7,118,176,231,209.33,48.83,90.66,12.66,69.9584,-3.8787,-33.4524
sea_053.jpg,5,#58A5EC,88,165,236,208.98,62.79,92.65,11.51,65.675,-2.1598,-43.0081
sea_053.jpg,6,#1E60BD,30,96,189,214.88,84.36,74.1,11.41,41.7774,14.429,-54.429
sea_053.jpg,7,#578DCE,87,141,206,212.62,57.6,80.75,6.24,57.72,1.1989,-38.6479
sea_053.jpg,8,#13479B,19,71,155,217.27,87.48,60.95,3.31,31.8648,17.0973,-50.5862
sea_053.jpg,9,#365C92,54,92,146,215.48,62.84,57.45,2.56,38.8134,4.4237,-33.9769
sea_053.jpg,10,#1B305C,27,48,92,220.57,70.4,35.91,2.45,20.4873,7.8546,-28.6461
sea_054.jpg,1,#0F84F1,15,132,241,209.08,93.69,94.54,22.97,54.9232,11.5604,-62.8711
sea_054.jpg,2,#0665DB,6,101,219,213.34,97.33,85.91,19.51,44.7795,22.353,-66.9158
sea_054.jpg,3,#0B75E6,11,117,230,210.96,95.36,90.32,19.25,50.1152,16.3959,-64.617
sea_054.jpg,4,#0451BE,4,81,190,215.04,98.15,74.42,9.91,37.1392,23.5296,-62.4595
sea_054.jpg,5,#044ECD,4,78,205,217.86,97.88,80.48,9.59,37.7661,31.371,-70.4145
sea_054.jpg,6,#013299,1,50,153,220.47,99.38,59.91,8.16,25.597,29.257,-59.2244
sea_054.jpg,7,#023891,2,56,145,217.19,98.85,56.95,3.94,26.487,22.101,-53.1289
sea_054.jpg,8,#3197F0,49,151,240,208.0,79.49,94.15,2.95,60.8653,1.7027,-52.7822
sea_054.jpg,9,#46B2F6,70,178,246,203.18,71.42,96.56,2.51,69.4266,-9.1705,-42.6125
sea_054.jpg,10,#64CDF6,100,205,246,196.99,59.29,96.56,1.21,77.8693,-18.5715,-29.4426
sea_055.jpg,1,#1B6FEF,27,111,239,216.43,88.51,93.69,17.24,49.1631,24.5065,-70.9659
sea_055.jpg,2,#4280E9,66,128,233,217.91,71.57,91.36,16.33,54.4346,15.172,-59.0778
sea_055.jpg,3,#3279EF,50,121,239,217.5,79.1,93.79,15.51,52.4777,19.717,-65.7133
sea_055.jpg,4,#568EEE,86,142,238,217.86,63.82,93.43,12.65,59.5348,11.1744,-53.8195
sea_055.jpg,5,#1369F5,19,105,245,217.21,92.15,96.02,9.74,48.0168,29.9761,-76.1619
sea_055.jpg,6,#5683D6,86,131,214,219.09,59.97,84.1,9.23,55.0594,10.1021,-47.6537
sea_055.jpg,7,#6E8ED2,110,142,210,220.73,47.7,82.53,6.23,59.3725,7.1887,-38.5178
sea_055.jpg,8,#76A4F5,118,164,245,218.0,52.09,96.21,6.12,67.3719,6.6526,-45.2202
sea_055.jpg,9,#1B5DC8,27,93,200,217.18,86.41,78.39,5.47,41.5353,20.7971,-61.177
sea_055.jpg,10,#254370,37,67,112,216.15,66.81,43.92,1.48,28.3,4.7002,-29.3793
sea_056.jpg,1,#0F29A1,15,41,161,229.37,90.42,63.15,16.52,24.5789,38.964,-65.9343
sea_056.jpg,2,#2A35B0,42,53,176,235.35,75.96,68.85,15.18,29.711,39.0692,-66.1873
sea_056.jpg,3,#062192,6,33,146,228.69,95.57,57.15,13.53,20.7473,38.2415,-62.8831
sea_056.jpg,4,#4640B9,70,64,185,242.95,65.47,72.56,10.54,34.911,38.8246,-63.2095
sea_056.jpg,5,#030D53,3,13,83,232.38,96.41,32.35,8.38,8.3531,26.3852,-42.3624
sea_056.jpg,6,#061B82,6,27,130,229.72,95.5,50.94,8.09,17.6178,35.8136,-58.1572
sea_056.jpg,7,#051671,5,22,113,230.65,95.76,44.22,7.65,14.2661,32.7427,-52.7272
sea_056.jpg,8,#041161,4,17,97,231.43,96.29,37.93,7.31,11.1231,29.5265,-47.3887
sea_056.jpg,9,#030B46,3,11,70,232.69,96.39,27.52,7.15,6.278,22.3023,-37.2347
sea_056.jpg,10,#5E4EC0,94,78,192,248.16,59.07,75.16,5.65,40.69,36.4068,-57.6048
sea_057.jpg,1,#0E47A5,14,71,165,217.31,91.37,64.66,17.09,32.5691,20.4737,-55.1498
sea_057.jpg,2,#215BBD,33,91,189,217.64,82.7,74.14,16.41,40.3612,18.2229,-56.7796
sea_057.jpg,3,#316ED0,49,110,208,216.92,76.34,81.46,15.85,47.4701,14.6878,-56.0616
sea_057.jpg,4,#4084E1,64,132,225,214.65,71.53,88.23,12.51,55.1156,9.3232,-53.5404
sea_057.jpg,5,#04398B,4,57,139,216.52,97.11,54.52,11.13,26.1603,19.1807,-49.8287
sea_057.jpg,6,#033571,3,53,113,212.61,97.11,44.36,10.73,23.0015,10.3275,-38.6512
sea_057.jpg,7,#4F9AEF,79,154,239,211.88,66.98,93.83,8.45,62.5627,3.3768,-49.5977
sea_057.jpg,8,#0F3055,15,48,85,211.94,81.9,33.53,3.95,19.6439,3.1339,-25.9938
sea_057.jpg,9,#1C5EA5,28,94,165,210.89,83.2,64.81,2.99,39.6788,6.0834,-43.884
sea_057.jpg,10,#62A3D3,98,163,211,205.46,53.87,82.92,0.88,64.5912,-7.2548,-30.9976
sea_058.jpg,1,#0A95DE,10,149,222,200.71,95.64,87.1,15.69,58.7594,-6.0826,-46.1992
sea_058.jpg,2,#81BEF1,129,190,241,207.72,46.37,94.64,12.33,74.6591,-5.8242,-31.6591
sea_058.jpg,3,#1AA4E6,26,164,230,199.48,88.62,90.36,12.33,63.7921,-10.9973,-42.8577
sea_058.jpg,4,#0981C7,9,129,199,202.32,95.24,78.22,10.37,51.6619,-2.9446,-44.6825
sea_058.jpg,5,#0A69A8,10,105,168,203.79,94.18,65.89,10.3,42.8344,-0.9157,-40.4907
sea_058.jpg,6,#49B6ED,73,182,237,200.04,69.11,92.77,8.71,70.1315,-13.9573,-36.2524
sea_058.jpg,7,#064F85,6,79,133,205.34,95.72,52.2,8.53,32.6278,1.248,-35.7337
sea_058.jpg,8,#1281B9,18,129,185,200.25,90.06,72.62,8.29,51.054,-8.0543,-37.4705
sea_058.jpg,9,#0C6593,12,101,147,200.66,91.55,57.81,7.71,40.4043,-6.2753,-32.0935
sea_058.jpg,10,#054971,5,73,113,201.92,95.45,44.2,5.75,29.509,-3.4987,-27.9784
sea_059.jpg,1,#1592EF,21,146,239,205.65,91.28,93.83,22.09,58.9083,2.4494,-55.479
sea_059.jpg,2,#1E9DF1,30,157,241,203.97,87.57,94.67,19.85,62.294,-2.7439,-51.2737
sea_059.jpg,3,#2B89D7,43,137,215,207.36,79.88,84.33,11.43,55.3128,0.4343,-47.6768
sea_059.jpg,4,#3DADED,61,173,237,201.84,74.19,92.84,9.45,67.2009,-10.5169,-40.9423
sea_059.jpg,5,#1A7FDF,26,127,223,209.31,88.37,87.48,9.09,52.5893,8.1089,-56.556
sea_059.jpg,6,#68BBE4,104,187,228,199.89,54.23,89.28,8.21,72.2085,-13.81,-28.1277
sea_059.jpg,7,#5995C8,89,149,200,207.47,55.64,78.49,7.68,59.7391,-4.7816,-32.2438
sea_059.jpg,8,#133D70,19,61,112,213.08,82.71,43.73,6.16,25.5665,5.9225,-33.4743
sea_059.jpg,9,#1F3854,31,56,84,211.62,63.79,33.06,3.24,22.8353,0.1173,-20.1066
sea_059.jpg,10,#2866AB,40,102,171,211.59,76.83,66.98,2.8,42.4889,4.9072,-42.6458
sea_060.jpg,1,#2E77F3,46,119,243,217.87,80.92,95.31,17.55,52.094,22.0954,-68.4951
sea_060.jpg,2,#286EE4,40,110,228,217.86,82.38,89.59,14.23,48.4728,21.9039,-66.2057
sea_060.jpg,3,#2567D7,37,103,215,217.77,82.87,84.3,13.11,45.5751,20.9012,-63.27
sea_060.jpg,4,#327EF2,50,126,242,216.32,79.47,95.08,11.5,54.0109,17.8687,-65.0769
sea_060.jpg,5,#215DC7,33,93,199,218.23,83.21,78.0,11.48,41.7733,20.4937,-60.208
sea_060.jpg,6,#1D54B7,29,84,183,218.6,84.0,71.68,11.05,37.87,20.0665,-57.1527
sea_060.jpg,7,#174BA6,23,75,166,218.41,85.91,65.2,8.28,33.8904,19.179,-53.813
sea_060.jpg,8,#3A89F5,58,137,245,214.55,76.14,96.0,5.57,57.5664,12.4779,-60.6378
sea_060.jpg,9,#123F92,18,63,146,218.78,87.98,57.38,4.99,28.8374,18.6379,-49.9465
sea_060.jpg,10,#489AF8,72,154,248,212.04,70.72,97.08,2.25,62.7415,5.3018,-53.8772
sea_061.jpg,1,#1C58D6,28,88,214,220.59,87.04,83.94,17.05,41.344,29.4876,-69.6337
sea_061.jpg,2,#46C4E7,70,196,231,192.8,69.72,90.46,12.18,73.9891,-23.7643,-27.1163
sea_061.jpg,3,#259ADC,37,154,220,201.58,83.36,86.26,11.93,60.4851,-8.3978,-42.2726
sea_061.jpg,4,#2DB2E5,45,178,229,196.49,80.46,89.71,11.09,68.0921,-17.8352,-35.2102
sea_061.jpg,5,#2774EB,39,116,235,216.37,83.3,92.24,10.46,50.7325,20.1129,-66.3405
sea_061.jpg,6,#207ABD,32,122,189,205.78,83.13,74.23,9.82,49.2858,-1.2262,-42.608
sea_061.jpg,7,#3C8AF0,60,138,240,214.14,74.82,94.14,8.94,57.4672,10.7542,-58.1784
sea_061.jpg,8,#114DDD,17,77,221,222.44,92.52,86.86,7.67,38.9012,39.1804,-77.9056
sea_061.jpg,9,#1F8DB5,31,141,181,196.03,82.68,71.16,5.63,54.8814,-15.5244,-29.349
sea_061.jpg,10,#0E38D9,14,56,217,227.51,93.6,85.0,5.23,33.8279,49.8157,-83.558
sea_062.jpg,1,#010170,1,1,112,240.07,99.45,44.07,28.25,10.5273,42.9734,-58.712
sea_062.jpg,2,#010261,1,2,97,239.76,98.84,38.09,21.23,8.1749,38.1402,-52.5686
sea_062.jpg,3,#030556,3,5,86,238.52,96.21,33.76,14.99,7.3101,32.3243,-46.5462
sea_062.jpg,4,#040949,4,9,73,236.27,94.04,28.63,11.32,6.2888,25.0314,-39.1989
sea_062.jpg,5,#020283,2,2,131,239.81,98.71,51.48,10.93,13.8385,47.5567,-65.3282
sea_062.jpg,6,#5C6FC8,92,111,200,229.17,54.23,78.55,3.61,49.3402,18.4725,-48.699
sea_062.jpg,7,#799AE6,121,154,230,222.12,47.43,90.39,3.44,64.0349,9.1531,-42.2973
sea_062.jpg,8,#25357F,37,53,127,229.64,70.47,49.75,2.47,25.1599,20.2056,-43.8086
sea_062.jpg,9,#3139A6,49,57,166,235.6,70.68,65.04,1.92,30.2539,33.4001,-59.4543
sea_062.jpg,10,#3A4C7A,58,76,122,223.0,51.99,47.78,1.84,33.0174,6.8385,-28.0224
sea_063.jpg,1,#096098,9,96,152,203.64,94.2,59.64,15.52,38.9408,-1.3152,-37.207
sea_063.jpg,2,#05538E,5,83,142,205.92,96.44,55.68,13.95,34.2797,2.5995,-38.5351
sea_063.jpg,3,#146CA0,20,108,160,202.18,87.53,62.64,13.52,43.3744,-5.2818,-34.7397
sea_063.jpg,4,#034481,3,68,129,208.87,97.83,50.42,12.43,28.724,6.7304,-39.1828
sea_063.jpg,5,#1E79A7,30,121,167,200.1,82.0,65.47,11.37,47.9573,-9.4216,-31.7653
sea_063.jpg,6,#023878,2,56,120,212.5,98.53,47.12,9.27,24.3247,11.4533,-40.986
sea_063.jpg,7,#012D71,1,45,113,216.39,98.94,44.47,8.35,20.4881,16.184,-42.9056
sea_063.jpg,8,#2B8CB4,43,140,180,197.28,75.92,70.5,6.45,54.7618,-14.3671,-28.5509
sea_063.jpg,9,#64A6C7,100,166,199,199.82,49.72,78.08,4.89,65.1714,-12.1255,-23.246
sea_063.jpg,10,#528BB3,82,139,179,204.81,54.11,70.25,4.25,55.6259,-7.016,-26.7422
sea_064.jpg,1,#283FAD,40,63,173,229.35,77.08,67.98,23.19,31.9856,31.0746,-61.1257
sea_064.jpg,2,#485CCA,72,92,202,230.64,64.41,79.08,12.27,43.1799,27.2003,-59.4521
sea_064.jpg,3,#2F4398,47,67,152,228.68,68.93,59.77,10.29,31.6423,21.7408,-49.0649
sea_064.jpg,4,#3D4CD3,61,76,211,234.29,70.99,82.84,10.25,39.274,39.4057,-71.35
sea_064.jpg,5,#1A1D5F,26,29,95,236.69,73.11,37.24,9.17,15.1419,22.4506,-39.5431
sea_064.jpg,6,#1B26A7,27,38,167,235.27,83.79,65.5,8.74,25.0068,43.5158,-68.8522
sea_064.jpg,7,#1A2686,26,38,134,233.55,80.24,52.43,8.09,21.2814,31.6152,-54.4733
sea_064.jpg,8,#6878D6,104,120,214,231.31,51.48,83.88,7.08,53.1081,20.2729,-50.3852
sea_064.jpg,9,#2728D0,39,40,208,239.52,81.19,81.53,6.51,30.7103,56.1694,-83.5891
sea_064.jpg,10,#667DC1,102,125,193,224.37,47.39,75.74,4.41,53.4247,9.883,-38.0901
sea_065.jpg,1,#100262,16,2,98,248.72,97.75,38.37,16.94,9.2965,38.3613,-51.1504
sea_065.jpg,2,#2146D8,33,70,216,227.89,84.79,84.55,16.01,37.1051,42.063,-77.4676
sea_065.jpg,3,#2735C7,39,53,199,234.83,80.41,78.22,15.41,32.0614,46.8703,-76.426
sea_065.jpg,4,#160576,22,5,118,249.1,95.42,46.17,13.51,13.1933,42.8908,-57.7152
sea_065.jpg,5,#2820B1,40,32,177,243.02,81.69,69.33,13.21,25.7502,50.4436,-73.473
sea_065.jpg,6,#231099,35,16,153,247.96,89.28,59.99,11.04,20.1649,49.7823,-68.3035
sea_065.jpg,7,#08024D,8,2,77,245.2,97.57,30.38,7.9,5.7597,31.1155,-43.1795
sea_065.jpg,8,#2753CA,39,83,202,223.87,80.5,79.14,3.01,39.3837,28.9284,-65.7678
sea_065.jpg,9,#4A82E8,74,130,232,218.89,68.07,90.98,2.2,55.2287,14.7234,-57.2561
sea_065.jpg,10,#7AA7F3,122,167,243,217.89,49.72,95.19,0.76,68.061,5.6692,-42.7004
sea_066.jpg,1,#0A1560,10,21,96,232.48,89.08,37.61,20.43,12.3074,26.8631,-44.8778
sea_066.jpg,2,#10164F,16,22,79,233.95,79.66,31.02,15.95,11.0458,19.7051,-35.5552
sea_066.jpg,3,#5452E1,84,82,225,241.1,63.7,88.19,11.85,43.219,43.3236,-72.6537
sea_066.jpg,4,#3B3EC1,59,62,193,238.51,69.52,75.59,11.05,34.4246,40.9879,-68.5699
sea_066.jpg,5,#292C73,41,44,115,237.46,64.54,44.93,9.3,21.8472,22.4278,-41.3677
sea_066.jpg,6,#17227E,23,34,126,233.64,81.89,49.23,9.09,19.2046,31.0271,-52.7425
sea_066.jpg,7,#2A32A4,42,50,164,235.76,74.51,64.15,8.58,28.0029,36.1617,-61.796
sea_066.jpg,8,#6D6AEB,109,106,235,241.5,54.95,92.19,5.26,51.3274,36.3282,-65.157
sea_066.jpg,9,#43449C,67,68,156,238.92,57.29,61.2,4.47,33.4515,25.8153,-48.2841
sea_066.jpg,10,#8484EA,132,132,234,240.06,43.6,91.77,4.03,59.2968,25.5343,-51.6887
sea_067.jpg,1,#0D1860,13,24,96,232.39,86.22,37.58,12.58,13.0339,25.3356,-43.6108
sea_067.jpg,2,#111896,17,24,150,236.87,88.88,58.94,11.8,19.9132,45.0913,-67.0914
sea_067.jpg,3,#0D1878,13,24,120,233.9,88.77,46.92,11.63,15.9992,34.1073,-54.2954
sea_067.jpg,4,#0D184D,13,24,77,229.92,82.47,30.05,11.0,11.096,17.1125,-33.7775
sea_067.jpg,5,#1313B1,19,19,177,240.2,89.37,69.5,10.95,22.9434,55.3794,-78.4198
sea_067.jpg,6,#164AA4,22,74,164,218.07,86.46,64.29,10.13,33.4486,18.7007,-53.1382
sea_067.jpg,7,#153AA7,21,58,167,224.79,87.55,65.45,9.49,29.2822,30.7604,-61.7251
sea_067.jpg,8,#1D61AC,29,97,172,211.52,83.09,67.47,9.43,40.866,7.2963,-45.999
sea_067.jpg,9,#1C76AE,28,118,174,202.94,84.0,68.33,7.51,47.4108,-5.2462,-36.8799
sea_067.jpg,10,#2B90B4,43,144,180,195.68,75.83,70.44,5.49,55.8466,-16.3585,-26.7872
sea_068.jpg,1,#17224B,23,34,75,227.69,68.56,29.26,16.31,14.5782,10.4979,-26.7202
sea_068.jpg,2,#0C1F58,12,31,88,225.4,86.35,34.66,15.47,14.116,17.0612,-36.848
sea_068.jpg,3,#072377,7,35,119,224.99,94.01,46.69,11.92,18.3116,26.3877,-50.0988
sea_068.jpg,4,#32407F,50,64,127,228.81,61.11,49.96,10.74,29.1164,14.9797,-37.7301
sea_068.jpg,5,#284AA6,40,74,166,223.66,75.81,65.07,10.03,34.3017,21.0129,-52.9195
sea_068.jpg,6,#687DDE,104,125,222,229.54,53.07,86.92,9.05,54.8111,19.8466,-52.0348
sea_068.jpg,7,#06289A,6,40,154,226.06,96.38,60.31,8.16,23.2675,36.6825,-63.6831
sea_068.jpg,8,#2F57D3,47,87,211,225.32,77.86,82.64,7.75,41.3276,30.5199,-67.74
sea_068.jpg,9,#5C74B9,92,116,185,224.57,50.58,72.74,6.99,49.7667,10.9496,-39.5044
sea_068.jpg,10,#0F31CD,15,49,205,229.32,92.55,80.56,3.57,31.207,49.9322,-81.3527
sea_069.jpg,1,#070F74,7,15,116,235.4,93.84,45.37,21.98,13.5553,37.3492,-55.809
sea_069.jpg,2,#050C62,5,12,98,235.18,94.96,38.25,16.97,10.3792,32.5608,-49.1665
sea_069.jpg,3,#0F158A,15,21,138,236.67,89.46,54.16,14.7,17.859,42.1392,-62.9254
sea_069.jpg,4,#171A9F,23,26,159,238.56,85.75,62.49,12.14,21.6947,47.125,-69.6849
sea_069.jpg,5,#030C4E,3,12,78,233.03,95.64,30.61,9.03,7.5656,25.2705,-40.6094
sea_069.jpg,6,#1C1E50,28,30,80,238.27,64.66,31.25,6.14,14.025,16.7457,-31.069
sea_069.jpg,7,#2F3290,47,50,144,238.06,67.62,56.61,5.89,26.4315,30.1799,-52.6111
sea_069.jpg,8,#2B2D73,43,45,115,238.63,62.53,45.06,5.23,22.3128,22.3581,-40.8186
sea_069.jpg,9,#383AB4,56,58,180,239.27,68.57,70.45,5.19,32.1577,38.7629,-64.566
sea_069.jpg,10,#6E69DC,110,105,220,242.65,52.37,86.28,2.73,50.1431,32.5248,-58.5747
sea_070.jpg,1,#0574C2,5,116,194,204.91,97.62,76.25,21.98,47.427,2.9335,-48.5558
sea_070.jpg,2,#0984D0,9,132,208,203.06,95.58,81.71,21.86,53.0411,-1.3515,-47.5505
sea_070.jpg,3,#033992,3,57,146,217.61,97.7,57.18,12.63,26.6451,22.233,-53.2193
sea_070.jpg,4,#0462B6,4,98,182,208.35,97.74,71.51,12.53,41.4969,9.18,-51.0567
sea_070.jpg,5,#044BA3,4,75,163,213.09,97.52,63.96,10.33,33.4692,16.4111,-52.6106
sea_070.jpg,6,#021E46,2,30,70,215.01,96.76,27.42,6.82,12.004,7.6152,-27.6865
sea_070.jpg,7,#022677,2,38,119,221.64,98.26,46.83,5.82,18.9727,24.2197,-49.2564
sea_070.jpg,8,#80C1F0,128,193,240,205.38,46.53,94.15,3.27,75.4327,-8.1371,-29.7934
sea_070.jpg,9,#0D5A98,13,90,152,206.84,91.43,59.54,2.6,37.1343,2.5999,-39.9319
sea_070.jpg,10,#6D98CD,109,152,205,213.03,47.11,80.48,2.16,61.7345,-0.3323,-31.9077
sea_071.jpg,1,#033484,3,52,132,217.19,97.78,51.86,22.11,24.1783,19.6167,-48.846
sea_071.jpg,2,#02276C,2,39,108,219.23,97.75,42.32,18.11,18.1142,18.5884,-43.24
sea_071.jpg,3,#021E56,2,30,86,220.49,97.29,33.72,13.58,13.1778,15.8661,-36.7922
sea_071.jpg,4,#084694,8,70,148,213.76,94.37,58.13,12.55,30.6866,14.4214,-48.1285
sea_071.jpg,5,#185EA5,24,94,165,210.28,85.38,64.69,9.83,39.3957,6.0191,-44.1508
sea_071.jpg,6,#2A77B3,42,119,179,206.65,76.36,70.36,8.27,48.0866,-1.9317,-38.7978
sea_071.jpg,7,#063B78,6,59,120,212.34,94.67,47.05,5.97,25.2581,9.7503,-39.3632
sea_071.jpg,8,#669DCC,102,157,204,207.84,50.33,80.18,4.11,62.6698,-4.8845,-30.0593
sea_071.jpg,9,#1290BA,18,144,186,195.02,90.33,72.96,3.22,55.6942,-16.2599,-30.7077
sea_071.jpg,10,#165884,22,88,132,204.18,83.45,51.88,2.25,35.5732,-3.3195,-30.5407
sea_072.jpg,1,#5FAFDB,95,175,219,201.34,56.47,85.92,15.47,68.2128,-11.9338,-29.6195
sea_072.jpg,2,#348CC5,52,140,197,203.58,73.6,77.39,13.18,55.6954,-6.9982,-37.0712
sea_072.jpg,3,#2975B2,41,117,178,206.56,76.75,69.64,12.99,47.5661,-1.9597,-38.552
sea_072.jpg,4,#548DB4,84,141,180,204.16,53.5,70.63,12.0,56.3972,-7.6453,-26.1003
sea_072.jpg,5,#1F5E9F,31,94,159,210.6,80.68,62.49,11.97,39.1878,4.4974,-41.1371
sea_072.jpg,6,#3D6B94,61,107,148,208.49,58.89,58.18,10.1,43.6988,-2.7708,-27.4038
sea_072.jpg,7,#19457F,25,69,127,214.68,80.0,49.97,7.95,29.287,7.8612,-37.5265
sea_072.jpg,8,#062564,6,37,100,220.45,93.51,39.19,5.93,16.8927,16.8909,-40.0191
sea_072.jpg,9,#1A2953,26,41,83,224.34,68.59,32.67,5.29,17.6549,9.3304,-27.6774
sea_072.jpg,10,#0F4393,15,67,147,216.27,90.02,57.49,5.13,29.8734,15.9671,-48.4447
sea_073.jpg,1,#274D7A,39,77,122,212.76,67.71,47.76,13.07,32.0618,2.2745,-29.5672
sea_073.jpg,2,#1B3964,27,57,100,215.22,73.15,39.17,12.16,23.9151,4.7811,-28.6165
sea_073.jpg,3,#1C3D73,28,61,115,217.09,75.66,45.07,11.69,26.2686,8.1685,-34.5017
sea_073.jpg,4,#102751,16,39,81,218.62,80.36,31.65,11.69,16.2403,7.9108,-28.2289
sea_073.jpg,5,#265591,38,85,145,213.41,73.75,56.71,10.34,35.9391,5.2313,-37.4494
sea_073.jpg,6,#4883B0,72,131,176,206.13,58.98,68.89,10.07,52.5211,-5.4112,-29.6032
sea_073.jpg,7,#3C6692,60,102,146,211.02,58.55,57.12,9.44,41.9301,-0.5799,-28.5565
sea_073.jpg,8,#559DC6,85,157,198,201.42,56.93,77.46,8.52,61.8518,-10.9615,-27.5137
sea_073.jpg,9,#2E70AD,46,112,173,208.77,73.2,67.71,6.87,45.8911,0.0546,-38.325
sea_073.jpg,10,#6BBCDA,107,188,218,196.61,50.78,85.61,6.15,72.2465,-16.2631,-22.9572
sea_074.jpg,1,#0140E1,1,64,225,223.29,99.52,88.39,23.09,36.1355,48.2104,-84.6974
sea_074.jpg,2,#021675,2,22,117,229.59,98.57,45.74,15.03,14.6532,34.0466,-54.6059
sea_074.jpg,3,#012BB7,1,43,183,226.22,99.34,71.75,14.49,27.1519,45.36,-74.8631
sea_074.jpg,4,#011F93,1,31,147,227.77,99.18,57.7,13.7,20.4213,39.6249,-64.3082
sea_074.jpg,5,#091762,9,23,98,230.64,90.63,38.53,10.7,12.9988,26.4103,-45.2918
sea_074.jpg,6,#0251E7,2,81,231,219.15,99.25,90.43,9.87,40.701,39.1983,-80.131
sea_074.jpg,7,#023393,2,51,147,219.96,98.41,57.58,4.45,25.099,26.756,-56.3942
sea_074.jpg,8,#186BE2,24,107,226,215.19,89.51,88.64,3.41,47.3291,21.3793,-66.7137
sea_074.jpg,9,#3779C2,55,121,194,211.59,71.44,76.21,3.12,50.0523,3.6782,-44.2495
sea_074.jpg,10,#5DB0D7,93,176,215,199.51,56.61,84.45,2.13,68.1727,-13.7776,-27.6402
sea_075.jpg,1,#3665AC,54,101,172,216.37,68.32,67.31,17.9,42.7296,8.1124,-42.7203
sea_075.jpg,2,#4075B1,64,117,177,212.1,63.85,69.55,12.85,48.1933,1.7887,-37.3756
sea_075.jpg,3,#295D91,41,93,145,209.62,71.77,56.75,11.51,38.5629,0.4362,-33.3311
sea_075.jpg,4,#224D90,34,77,144,216.42,76.54,56.53,10.58,33.3227,9.7973,-41.3548
sea_075.jpg,5,#347099,52,112,153,204.41,66.22,60.02,10.57,45.0406,-5.9748,-28.1219
sea_075.jpg,6,#164F77,22,79,119,204.53,81.39,46.55,10.39,32.0671,-3.2156,-27.6675
sea_075.jpg,7,#508AB1,80,138,177,204.26,55.11,69.55,8.9,55.0735,-7.4544,-26.5792
sea_075.jpg,8,#69A5C6,105,165,198,200.91,47.0,77.47,7.62,64.9787,-10.8278,-22.6575
sea_075.jpg,9,#08455D,8,69,93,197.07,91.05,36.53,6.67,27.0329,-8.496,-19.3848
sea_075.jpg,10,#7797CF,119,151,207,217.85,42.56,81.0,3.0,62.1219,3.1205,-32.0111
sea_076.jpg,1,#010F4B,1,15,75,228.07,99.08,29.22,13.2,7.7431,21.2926,-37.8471
sea_076.jpg,2,#034281,3,66,129,210.21,97.82,50.68,11.54,27.9972,8.7194,-40.7519
sea_076.jpg,3,#034F71,3,79,113,198.44,97.6,44.2,11.5,31.3001,-7.1974,-25.152
sea_076.jpg,4,#020A95,2,10,149,236.75,98.84,58.54,11.21,17.4608,50.0039,-70.5576
sea_076.jpg,5,#036FB3,3,111,179,203.01,98.05,70.02,10.82,45.2412,-0.7906,-42.8467
sea_076.jpg,6,#0451AA,4,81,170,212.2,97.94,66.57,10.34,35.455,15.654,-53.3681
sea_076.jpg,7,#031E70,3,30,112,225.31,97.27,43.94,8.7,16.0312,27.0386,-49.3508
sea_076.jpg,8,#058EBB,5,142,187,194.93,97.54,73.3,8.67,54.8827,-15.1612,-32.4687
sea_076.jpg,9,#03264F,3,38,79,212.59,96.37,30.98,8.28,15.2014,6.4315,-28.7542
sea_076.jpg,10,#033DB2,3,61,178,220.05,98.08,69.7,5.73,30.8852,31.8676,-65.5868
sea_077.jpg,1,#3BA0D3,59,160,211,199.99,71.79,82.58,18.29,62.3729,-12.6656,-34.062
sea_077.jpg,2,#61B0DC,97,176,220,201.12,56.02,86.15,18.29,68.6543,-12.1956,-29.261
sea_077.jpg,3,#82C5EA,130,197,234,201.07,44.16,91.62,12.66,76.5651,-11.8314,-24.5802
sea_077.jpg,4,#0B165C,11,22,92,231.67,88.25,36.03,11.1,12.0626,24.6731,-42.5738
sea_077.jpg,5,#0367A7,3,103,167,203.57,98.23,65.53,8.41,41.898,0.0753,-41.4429
sea_077.jpg,6,#0F84BF,15,132,191,200.0,91.97,74.92,8.03,52.4018,-8.091,-38.7184
sea_077.jpg,7,#044F97,4,79,151,209.61,97.29,59.31,7.36,33.5779,9.2342,-45.2934
sea_077.jpg,8,#4E93BC,78,147,188,202.41,58.56,73.68,6.95,58.0747,-9.5593,-27.949
sea_077.jpg,9,#0B337E,11,51,126,219.34,91.37,49.52,5.67,23.4015,18.5888,-46.349
sea_077.jpg,10,#053169,5,49,105,213.6,95.17,41.21,3.24,21.044,10.0504,-36.6257
sea_078.jpg,1,#0689F3,6,137,243,206.88,97.53,95.13,13.73,56.3475,8.8225,-61.4164
sea_078.jpg,2,#067BF1,6,123,241,210.19,97.57,94.58,13.23,52.4046,16.8448,-66.9933
sea_078.jpg,3,#0797F4,7,151,244,203.65,97.15,95.71,12.83,60.4059,1.031,-55.7368
sea_078.jpg,4,#15A4F2,21,164,242,201.27,91.4,94.87,11.5,64.1169,-6.7807,-48.6685
sea_078.jpg,5,#49B3F1,73,179,241,202.21,69.64,94.66,10.65,69.5441,-10.8554,-39.786
sea_078.jpg,6,#0555E0,5,85,224,217.97,97.89,87.72,9.83,41.0681,34.195,-75.6092
sea_078.jpg,7,#056AED,5,106,237,213.85,97.86,93.07,9.17,47.6703,25.7855,-72.5194
sea_078.jpg,8,#033BBF,3,59,191,222.29,98.26,75.05,8.74,31.597,38.7871,-72.491
sea_078.jpg,9,#012492,1,36,146,225.81,99.01,57.36,6.29,21.3402,36.4195,-62.2357
sea_078.jpg,10,#021768,2,23,104,227.69,98.31,40.95,4.02,13.3781,28.5891,-48.7487
sea_079.jpg,1,#1666CE,22,102,206,213.77,89.49,80.76,11.85,44.4707,16.7244,-59.909
sea_079.jpg,2,#0B5ECF,11,94,207,214.59,94.63,81.12,11.84,42.1128,21.9833,-64.2561
sea_079.jpg,3,#236ECC,35,110,204,213.41,82.86,80.19,11.82,46.8697,12.0296,-55.1883
sea_079.jpg,4,#014ED0,1,78,208,217.7,99.43,81.63,11.41,37.9038,32.6383,-71.8889
sea_079.jpg,5,#3175CA,49,117,202,213.24,75.97,79.4,10.56,49.1402,8.205,-50.3692
sea_079.jpg,6,#0556CF,5,86,207,215.95,97.8,81.11,10.22,39.7806,27.2889,-68.0498
sea_079.jpg,7,#0147D1,1,71,209,219.81,99.75,82.08,9.6,36.1762,37.8202,-75.3916
sea_079.jpg,8,#427FCA,66,127,202,213.25,67.6,79.34,9.37,52.3672,4.8546,-45.1151
sea_079.jpg,9,#5689CA,86,137,202,213.68,57.22,79.1,7.25,56.1987,2.2739,-38.6683
sea_079.jpg,10,#6F9ACF,111,154,207,213.34,46.23,81.03,6.09,62.3699,-0.1721,-31.7039
sea_080.jpg,1,#017BA3,1,123,163,194.86,99.45,64.11,20.99,48.1127,-13.7384,-29.5251
sea_080.jpg,2,#0187AB,1,135,171,192.75,99.33,66.9,20.13,51.9953,-17.4234,-27.6125
sea_080.jpg,3,#0390AF,3,144,175,191.1,98.06,68.81,17.18,55.044,-20.468,-25.6942
sea_080.jpg,4,#016F99,1,111,153,196.6,99.29,60.01,14.99,43.7564,-10.6718,-30.18
sea_080.jpg,5,#013A57,1,58,87,200.17,98.55,34.0,8.33,22.7047,-4.7967,-21.9603
sea_080.jpg,6,#104358,16,67,88,197.88,82.26,34.66,5.3,26.1541,-8.1353,-17.6506
sea_080.jpg,7,#085171,8,81,113,198.11,92.98,44.17,4.41,32.0877,-8.1572,-23.8708
sea_080.jpg,8,#2E647A,46,100,122,197.41,62.45,47.74,3.56,39.6209,-10.7174,-17.7289
sea_080.jpg,9,#359FB7,53,159,183,191.14,71.26,71.65,2.77,60.589,-21.8661,-21.2261
sea_080.jpg,10,#4A7D90,74,125,144,196.48,48.92,56.51,2.33,49.5624,-11.6046,-15.7921
sea_081.jpg,1,#0273A3,2,115,163,198.06,98.53,63.99,17.87,45.4679,-8.9226,-33.4884
sea_081.jpg,2,#0280B1,2,128,177,196.7,98.76,69.37,14.57,50.3215,-11.5167,-33.8561
sea_081.jpg,3,#046488,4,100,136,196.48,97.37,53.4,13.35,39.3625,-10.4608,-26.9732
sea_081.jpg,4,#04759B,4,117,155,195.08,97.21,60.71,13.11,45.7814,-13.3039,-28.0804
sea_081.jpg,5,#026395,2,99,149,200.38,98.42,58.37,10.59,39.78,-5.1045,-33.9455
sea_081.jpg,6,#035073,3,80,115,198.89,97.79,45.17,8.37,31.6995,-6.7053,-26.0741
sea_081.jpg,7,#0689B0,6,137,176,193.93,96.46,69.13,8.23,52.9741,-16.3707,-29.371
sea_081.jpg,8,#023851,2,56,81,198.94,97.0,31.65,7.16,21.6992,-5.9412,-19.5756
sea_081.jpg,9,#085269,8,82,105,194.02,92.43,41.09,5.18,32.0849,-11.9544,-18.9369
sea_081.jpg,10,#3AA5CC,58,165,204,195.79,71.57,79.85,1.56,63.5475,-17.908,-28.3748
sea_082.jpg,1,#0140B2,1,64,178,218.72,99.64,69.94,25.77,31.4907,30.481,-64.9619
sea_082.jpg,2,#014DBD,1,77,189,215.64,99.69,74.17,23.46,35.9967,25.7616,-63.9417
sea_082.jpg,3,#015BC6,1,91,198,212.49,99.71,77.7,16.45,40.5629,20.036,-61.7525
sea_082.jpg,4,#026DD0,2,109,208,208.69,99.11,81.55,8.58,46.4275,12.136,-57.9126
sea_082.jpg,5,#0885DB,8,133,219,204.48,96.42,85.98,7.25,53.9749,2.0825,-52.1993
sea_082.jpg,6,#012D75,1,45,117,217.59,99.05,46.07,6.3,20.6218,18.5423,-45.3013
sea_082.jpg,7,#022151,2,33,81,216.3,97.88,31.85,4.5,13.8416,10.8043,-32.4673
sea_082.jpg,8,#37A2E4,55,162,228,202.89,75.76,89.59,4.11,63.6982,-8.2841,-41.8903
sea_082.jpg,9,#155097,21,80,151,212.68,86.08,59.22,2.0,34.3116,9.1317,-43.9491
sea_082.jpg,10,#193C5F,25,60,95,209.92,73.58,37.17,1.57,24.5172,0.3273,-24.3523
sea_083.jpg,1,#0390D5,3,144,213,199.81,98.67,83.61,19.58,56.7818,-6.7111,-44.3561
sea_083.jpg,2,#0B93E5,11,147,229,202.45,95.19,89.75,18.31,58.6944,-2.6854,-50.0637
sea_083.jpg,3,#18A0EB,24,160,235,201.38,89.82,92.06,17.55,62.6625,-7.0385,-47.026
sea_083.jpg,4,#047EC5,4,126,197,201.95,97.95,77.17,12.52,50.7271,-2.6569,-44.6495
sea_083.jpg,5,#0589E3,5,137,227,204.44,97.67,88.92,11.51,55.4033,2.7653,-54.1265
sea_083.jpg,6,#0275DC,2,117,220,208.22,99.27,86.22,6.47,49.4273,11.8868,-59.8477
sea_083.jpg,7,#4DAFF3,77,175,243,204.53,68.21,95.41,6.09,68.6927,-7.6119,-42.1544
sea_083.jpg,8,#0A62A9,10,98,169,206.63,94.22,66.16,3.96,40.6979,3.8648,-44.3056
sea_083.jpg,9,#8ABEF2,138,190,242,210.05,43.07,94.88,2.94,75.1381,-3.705,-31.2079
sea_083.jpg,10,#2A4966,42,73,102,208.48,58.89,39.87,1.08,30.0084,-2.2877,-20.121
sea_084.jpg,1,#213AF5,33,58,245,233.04,86.48,96.17,18.34,37.7177,58.9726,-93.3195
sea_084.jpg,2,#273DF0,39,61,240,233.26,83.9,94.23,17.26,38.0266,55.7084,-90.0018
sea_084.jpg,3,#3246F1,50,70,241,233.65,79.47,94.65,13.61,40.2424,51.9599,-86.9371
sea_084.jpg,4,#3E4EF2,62,78,242,234.52,74.58,95.04,13.05,42.6259,48.4695,-83.5525
sea_084.jpg,5,#4C56F2,76,86,242,236.42,68.66,95.0,12.01,45.0616,45.3999,-79.4593
sea_084.jpg,6,#5C5FF2,92,95,242,238.61,62.09,94.78,11.35,48.075,41.8339,-74.1905
sea_084.jpg,7,#6D6DF4,109,109,244,240.26,55.41,95.58,7.6,52.5662,37.3727,-67.972
sea_084.jpg,8,#877DF7,135,125,247,244.86,49.42,96.77,4.39,58.4571,33.9978,-60.0809
sea_084.jpg,9,#3F7FE2,63,127,226,216.52,71.87,88.5,1.43,53.7216,12.5984,-56.1537
sea_084.jpg,10,#68B3F2,104,179,242,207.51,57.1,95.03,0.95,70.5606,-5.2074,-38.6316
sea_085.jpg,1,#012881,1,40,129,221.93,99.11,50.71,15.66,20.4409,27.0437,-53.1242
sea_085.jpg,2,#011F6E,1,31,110,223.26,99.32,43.16,14.75,16.1298,25.0043,-47.9036
sea_085.jpg,3,#013297,1,50,151,220.27,99.33,59.05,14.39,25.331,28.4961,-58.3099
sea_085.jpg,4,#0243AC,2,67,172,216.83,98.99,67.32,13.81,31.8838,25.3344,-60.3323
sea_085.jpg,5,#01195D,1,25,93,224.44,99.33,36.46,12.06,12.4183,22.5416,-42.7374
sea_085.jpg,6,#0457BD,4,87,189,213.28,97.89,74.3,9.72,38.672,19.6716,-59.7747
sea_085.jpg,7,#00124A,0,18,74,225.5,99.61,29.12,8.42,8.4615,19.056,-36.4972
sea_085.jpg,8,#0B6BCA,11,107,202,209.89,94.6,79.41,6.23,45.4741,11.7634,-56.3136
sea_085.jpg,9,#1A84D5,26,132,213,205.94,87.84,83.42,3.52,53.4816,1.0122,-49.2946
sea_085.jpg,10,#3DA4DE,61,164,222,201.47,72.7,87.01,1.44,64.039,-10.8666,-37.7245
sea_086.jpg,1,#81A2E9,129,162,233,220.88,44.93,91.55,18.34,66.8051,7.0761,-39.5574
sea_086.jpg,2,#7196E4,113,150,228,220.58,50.32,89.35,17.53,62.5294,8.5059,-43.2419
sea_086.jpg,3,#5A84D9,90,132,217,220.23,58.65,85.1,16.8,55.6706,11.0924,-48.1115
sea_086.jpg,4,#658CDD,101,140,221,220.42,54.47,86.62,14.76,58.6628,9.6994,-45.5083
sea_086.jpg,5,#8CABEE,140,171,238,220.75,41.28,93.3,12.73,70.1209,5.9103,-36.7811
sea_086.jpg,6,#4A79CF,74,121,207,218.95,64.21,81.21,8.05,51.3664,11.4728,-49.4019
sea_086.jpg,7,#3768BF,55,104,191,218.14,71.45,74.97,4.99,44.9949,12.9144,-50.4985
sea_086.jpg,8,#2758B3,39,88,179,218.97,77.98,70.25,2.97,39.1537,16.7184,-52.915
sea_086.jpg,9,#1B4A95,27,74,149,216.86,82.04,58.59,2.59,32.5363,13.1456,-45.8357
sea_086.jpg,10,#0D336B,13,51,107,215.8,87.47,42.06,1.24,22.1126,10.136,-36.3011
sea_087.jpg,1,#013383,1,51,131,216.89,98.92,51.26,17.22,23.7528,19.5024,-48.5748
sea_087.jpg,2,#024394,2,67,148,213.38,98.8,58.06,14.67,29.7314,15.9861,-49.5816
sea_087.jpg,3,#011978,1,25,120,227.63,99.39,46.97,12.35,15.806,32.9253,-54.705
sea_087.jpg,4,#01267D,1,38,125,222.1,99.14,48.94,11.5,19.5033,26.4168,-51.8182
sea_087.jpg,5,#085CB3,8,92,179,210.52,95.51,70.28,10.27,39.5701,11.9763,-52.3198
sea_087.jpg,6,#024AA9,2,74,169,214.18,98.98,66.25,9.32,33.4077,19.9078,-56.2232
sea_087.jpg,7,#1777C8,23,119,200,207.55,88.31,78.56,8.31,48.988,3.9417,-49.4263
sea_087.jpg,8,#3396DB,51,150,219,204.82,76.64,85.95,8.21,59.4776,-4.8116,-43.3983
sea_087.jpg,9,#54B3E6,84,179,230,200.77,63.69,90.21,5.33,69.4305,-13.0173,-33.7654
sea_087.jpg,10,#15518F,21,81,143,210.18,85.57,56.01,2.81,34.1239,4.9826,-39.2794
sea_088.jpg,1,#0338BC,3,56,188,222.62,98.47,73.67,15.91,30.6698,38.9685,-71.9422
sea_088.jpg,2,#0348DC,3,72,220,220.85,98.49,86.17,15.27,37.5857,40.7959,-79.0743
sea_088.jpg,3,#0330A1,3,48,161,223.11,98.0,62.96,13.19,25.7135,34.3461,-63.7717
sea_088.jpg,4,#042784,4,39,132,223.46,97.29,51.92,10.62,20.6618,28.8721,-54.7054
sea_088.jpg,5,#031D68,3,29,104,224.36,97.41,40.67,9.31,14.9002,24.0583,-45.7738
sea_088.jpg,6,#02154E,2,21,78,225.09,97.06,30.45,8.29,9.7691,18.6183,-36.6791
sea_088.jpg,7,#4E8CE6,78,140,230,215.51,66.18,90.07,7.67,58.0042,8.39,-51.5148
sea_088.jpg,8,#7BA5ED,123,165,237,217.78,48.13,92.77,7.07,67.3847,4.9346,-40.3874
sea_088.jpg,9,#1F6FD8,31,111,216,214.19,85.49,84.85,6.5,47.7957,15.7974,-60.4732
sea_088.jpg,10,#0A5CD9,10,92,217,216.39,95.43,85.23,6.16,42.2489,27.6959,-70.0438
sea_089.jpg,1,#003A68,0,58,104,206.67,99.69,40.77,16.94,23.7251,2.8008,-31.5981
sea_089.jpg,2,#014176,1,65,118,207.14,99.52,46.33,15.15,26.9948,4.1642,-35.4164
sea_089.jpg,3,#015085,1,80,133,204.37,99.41,52.34,14.01,32.6692,0.9113,-35.8958
sea_089.jpg,4,#014471,1,68,113,203.91,99.38,44.42,13.74,27.8086,-0.2984,-31.0303
sea_089.jpg,5,#015F97,1,95,151,202.64,99.64,59.4,12.34,38.4655,-1.2777,-37.6124
sea_089.jpg,6,#026E9F,2,110,159,198.63,99.03,62.54,6.77,43.91,-7.8208,-33.7598
sea_089.jpg,7,#056D8E,5,109,142,194.49,96.15,55.57,6.59,42.5734,-13.517,-25.2909
sea_089.jpg,8,#025983,2,89,131,199.68,98.59,51.32,6.5,35.4272,-5.865,-29.9123
sea_089.jpg,9,#0487AA,4,135,170,192.67,97.42,66.52,4.21,52.0233,-17.7227,-27.0072
sea_089.jpg,10,#03516C,3,81,108,195.52,97.52,42.45,3.75,31.7642,-10.2756,-21.6276
sea_090.jpg,1,#10459B,16,69,155,217.16,89.69,60.71,14.82,31.1183,18.0862,-51.4277
sea_090.jpg,2,#0B3392,11,51,146,222.33,92.45,57.12,14.22,25.1735,26.6335,-55.5326
sea_090.jpg,3,#081E75,8,30,117,227.77,93.54,46.06,13.18,16.8479,29.2991,-51.4811
sea_090.jpg,4,#1059A6,16,89,166,211.05,90.24,65.16,12.11,37.7407,9.402,-47.5377
sea_090.jpg,5,#1E6BAF,30,107,175,208.07,82.58,68.6,10.95,44.1804,1.9433,-42.3981
sea_090.jpg,6,#0E307F,14,48,127,221.71,89.29,49.81,10.93,22.8312,20.8428,-47.7494
sea_090.jpg,7,#172055,23,32,85,232.01,72.31,33.27,8.19,14.7136,16.4085,-33.4651
sea_090.jpg,8,#294381,41,67,129,222.64,68.16,50.7,7.09,29.516,12.2694,-38.2832
sea_090.jpg,9,#242D54,36,45,84,227.62,57.45,32.75,6.2,19.6749,8.4631,-24.5521
sea_090.jpg,10,#365374,54,83,116,212.23,53.26,45.46,2.3,34.3925,-0.3632,-22.2062
sea_091.jpg,1,#033D89,3,61,137,214.26,97.51,53.79,19.86,27.1509,15.5603,-47.0655
sea_091.jpg,2,#02307F,2,48,127,217.73,98.55,49.8,18.59,22.5894,20.0125,-48.1293
sea_091.jpg,3,#084992,8,73,146,211.52,94.7,57.07,15.67,31.559,10.7682,-45.0732
sea_091.jpg,4,#125AA0,18,90,160,209.63,88.81,62.79,11.2,37.772,6.1894,-43.8789
sea_091.jpg,5,#2C6CAC,44,108,172,209.94,74.35,67.53,8.73,44.683,1.8932,-39.974
sea_091.jpg,6,#14528B,20,82,139,208.75,85.69,54.54,6.53,34.0746,2.9761,-37.0794
sea_091.jpg,7,#326C9D,50,108,157,207.39,68.0,61.54,6.41,44.0662,-2.6991,-31.9403
sea_091.jpg,8,#5D87BA,93,135,186,212.53,50.29,73.0,5.24,55.3707,-0.3551,-31.0942
sea_091.jpg,9,#4E86AD,78,134,173,204.43,54.69,67.68,4.67,53.7293,-7.1564,-25.9395
sea_091.jpg,10,#67A3C1,103,163,193,200.24,46.75,75.83,3.09,64.078,-11.176,-21.7039
sea_092.jpg,1,#082954,8,41,84,214.24,90.46,33.07,19.25,16.8398,7.1303,-29.7149
sea_092.jpg,2,#07509A,7,80,154,210.15,95.41,60.33,14.17,34.2362,9.4963,-45.8036
sea_092.jpg,3,#1B94ED,27,148,237,205.16,88.78,92.76,12.07,59.5679,0.1804,-52.9225
sea_092.jpg,4,#083374,8,51,116,215.94,93.34,45.56,11.96,22.6627,13.5937,-41.148
sea_092.jpg,5,#1F77D6,31,119,214,211.24,85.34,83.84,11.52,49.8412,9.8562,-55.7201
sea_092.jpg,6,#07467D,7,70,125,207.68,94.27,48.83,9.96,29.2571,3.689,-35.7832
sea_092.jpg,7,#0D51AC,13,81,172,214.46,92.39,67.55,8.48,35.8595,16.8783,-54.1963
sea_092.jpg,8,#096CAB,9,108,171,203.37,94.9,66.99,4.99,43.7225,-1.3488,-40.7278
sea_092.jpg,9,#08587D,8,88,125,198.99,93.8,49.0,4.81,34.9754,-7.4485,-26.9957
sea_092.jpg,10,#15B3F2,21,179,242,197.22,91.13,94.89,2.8,68.5192,-15.0669,-41.775
sea_093.jpg,1,#0350AE,3,80,174,212.99,98.34,68.1,14.01,35.5233,17.7642,-55.5908
sea_093.jpg,2,#09396C,9,57,108,210.55,91.51,42.2,12.71,24.0149,5.4719,-33.4642
sea_093.jpg,3,#0556A7,5,86,167,210.2,96.92,65.59,12.49,36.8003,11.2527,-49.7121
sea_093.jpg,4,#062A51,6,42,81,211.11,93.17,31.75,10.79,16.865,4.5141,-27.409
sea_093.jpg,5,#163551,22,53,81,208.9,72.51,31.85,10.14,21.224,-0.7412,-20.6232
sea_093.jpg,6,#053E83,5,62,131,212.82,96.44,51.35,9.68,27.0083,12.1924,-43.4187
sea_093.jpg,7,#18508C,24,80,140,210.89,82.77,54.74,9.35,33.625,4.8277,-38.1062
sea_093.jpg,8,#315074,49,80,116,212.7,57.58,45.47,8.99,33.113,0.4503,-24.2347
sea_093.jpg,9,#2269AE,34,105,174,209.86,80.28,68.35,7.05,43.431,3.7724,-43.2065
sea_093.jpg,10,#5078AA,80,120,170,213.53,52.89,66.72,4.79,49.5125,0.8874,-31.058
sea_094.jpg,1,#0007AB,0,7,171,237.82,99.73,67.21,19.85,20.447,57.0086,-79.0974
sea_094.jpg,2,#010FBE,1,15,190,235.37,99.7,74.32,17.75,23.8158,59.7443,-84.312
sea_094.jpg,3,#011CD0,1,28,208,232.04,99.63,81.61,15.17,27.8601,60.5528,-88.4808
sea_094.jpg,4,#000385,0,3,133,239.01,99.72,52.14,12.83,14.1127,47.8255,-65.9371
sea_094.jpg,5,#000499,0,4,153,238.41,99.81,59.93,12.7,17.4103,52.6575,-72.8419
sea_094.jpg,6,#000375,0,3,117,238.62,99.86,45.77,7.82,11.5514,43.1164,-59.8146
sea_094.jpg,7,#000363,0,3,99,238.53,99.73,39.0,7.27,8.7357,38.1181,-53.1878
sea_094.jpg,8,#023FEF,2,63,239,224.55,99.29,93.53,5.77,37.35,53.3001,-90.1488
sea_094.jpg,9,#0661F3,6,97,243,217.0,97.5,95.36,0.77,45.7223,34.0321,-78.977
sea_094.jpg,10,#2EA5F1,46,165,241,203.42,81.04,94.46,0.07,64.7333,-6.1854,-47.1079
sea_095.jpg,1,#016ED0,1,110,208,208.49,99.6,81.55,30.04,46.4714,11.984,-57.8411
sea_095.jpg,2,#0275D0,2,117,208,206.44,99.21,81.44,20.01,48.5604,7.2937,-54.3233
sea_095.jpg,3,#0167D2,1,103,210,210.61,99.55,82.25,17.73,44.7854,16.7985,-61.581
sea_095.jpg,4,#0481D0,4,129,208,203.13,97.93,81.44,7.57,52.2153,-0.2465,-48.4757
sea_095.jpg,5,#1291D3,18,145,211,200.62,91.25,82.92,6.17,57.213,-7.6078,-42.674
sea_095.jpg,6,#0F7AAD,15,122,173,199.2,91.05,67.68,5.11,48.3756,-9.115,-34.4028
sea_095.jpg,7,#0867AC,8,103,172,205.22,95.21,67.44,4.85,42.3961,1.933,-43.5175
sea_095.jpg,8,#034FAD,3,79,173,213.29,98.16,67.76,3.79,35.1542,18.1433,-55.6726
sea_095.jpg,9,#2CA2D0,44,162,208,197.01,79.07,81.73,3.52,62.3627,-16.0588,-32.8941
sea_095.jpg,10,#0A3969,10,57,105,210.37,90.14,41.27,1.21,23.8035,4.7205,-32.2902
sea_096.jpg,1,#2484DA,36,132,218,208.26,83.48,85.58,14.5,54.1011,3.5289,-51.4082
sea_096.jpg,2,#15B1D9,21,177,217,192.49,90.17,85.27,13.64,66.8874,-22.4641,-30.8985
sea_096.jpg,3,#2A7CCB,42,124,203,209.34,79.16,79.65,10.84,51.0932,3.2819,-47.6394
sea_096.jpg,4,#1E8BDC,30,139,220,205.44,86.24,86.13,10.12,56.0755,-0.5079,-49.0604
sea_096.jpg,5,#23A2CD,35,162,205,195.1,83.11,80.45,9.28,62.2403,-18.2872,-31.274
sea_096.jpg,6,#11ABDE,17,171,222,194.9,92.24,87.05,9.23,65.4138,-18.2232,-35.6851
sea_096.jpg,7,#1F98D9,31,152,217,200.99,85.9,85.24,9.15,59.6957,-8.6771,-42.0716
sea_096.jpg,8,#1E9ED6,30,158,214,198.27,86.02,84.05,9.11,61.3607,-13.2367,-37.7631
sea_096.jpg,9,#1A94DE,26,148,222,202.72,88.32,87.23,8.04,58.7044,-4.8368,-46.4551
sea_096.jpg,10,#2687CE,38,135,206,205.29,81.56,80.61,6.08,54.1725,-2.4971,-44.1394
sea_097.jpg,1,#020262,2,2,98,239.86,98.14,38.37,17.68,8.436,38.0547,-52.6149
sea_097.jpg,2,#030576,3,5,118,238.92,97.4,46.35,16.09,12.2424,42.5869,-59.6149
sea_097.jpg,3,#010252,1,2,82,239.71,98.43,32.35,15.29,5.9741,32.765,-46.3015
sea_097.jpg,4,#050F8E,5,15,142,235.95,96.19,55.83,14.28,17.1335,46.2877,-66.8058
sea_097.jpg,5,#010347,1,3,71,238.67,98.04,27.71,11.68,4.7228,26.3025,-40.1386
sea_097.jpg,6,#071DAC,7,29,172,232.07,96.15,67.58,11.63,23.2977,49.5949,-74.8953
sea_097.jpg,7,#062ED0,6,46,208,227.98,97.12,81.39,7.23,30.7593,51.9727,-83.3266
sea_097.jpg,8,#1645DC,22,69,220,225.6,90.11,86.33,3.75,37.1948,43.3388,-79.9327
sea_097.jpg,9,#365EDF,54,94,223,225.7,75.84,87.42,1.79,44.4284,31.0395,-69.6337
sea_097.jpg,10,#6381E0,99,129,224,225.57,55.65,87.73,0.59,55.8604,16.7055,-51.541
sea_098.jpg,1,#016CBD,1,108,189,205.8,99.48,73.98,19.09,44.7679,5.3128,-49.4725
sea_098.jpg,2,#0278CF,2,120,207,205.4,99.11,81.06,16.79,49.4111,4.9759,-52.4075
sea_098.jpg,3,#015EA7,1,94,167,206.38,99.32,65.36,13.37,39.1877,5.3965,-45.5214
sea_098.jpg,4,#0382CD,3,130,205,202.23,98.6,80.31,8.22,52.2556,-1.826,-46.7801
sea_098.jpg,5,#0CA5DF,12,165,223,196.51,94.74,87.37,8.2,63.5009,-14.6712,-39.1175
sea_098.jpg,6,#0796DC,7,150,220,199.7,96.82,86.27,7.99,59.0151,-7.6764,-44.6224
sea_098.jpg,7,#024E8B,2,78,139,206.8,98.44,54.38,7.79,32.4199,4.4395,-39.4803
sea_098.jpg,8,#12B5E1,18,181,225,192.62,92.01,88.2,7.33,68.5778,-22.5368,-32.3793
sea_098.jpg,9,#0B97C0,11,151,192,193.59,94.22,75.14,5.63,57.9405,-18.2382,-30.3807
sea_098.jpg,10,#0984BB,9,132,187,198.45,95.1,73.42,5.59,52.1565,-9.7737,-36.911
sea_099.jpg,1,#031C8D,3,28,141,229.28,97.6,55.13,14.26,19.0434,39.1287,-62.5187
sea_099.jpg,2,#0654D3,6,84,211,217.13,96.97,82.55,13.53,39.7262,29.7318,-70.2549
sea_099.jpg,3,#076FE6,7,111,230,212.02,96.91,90.25,13.18,48.4585,19.9672,-67.2059
sea_099.jpg,4,#053AAB,5,58,171,220.71,96.97,67.03,10.71,29.5165,31.2064,-63.7706
sea_099.jpg,5,#0983EA,9,131,234,207.54,96.24,91.78,10.63,54.1706,9.2475,-60.1602
sea_099.jpg,6,#020D6A,2,13,106,233.62,97.85,41.5,10.5,11.5965,34.876,-52.6391
sea_099.jpg,7,#0534B8,5,52,184,224.19,97.22,72.17,9.59,29.3401,40.2496,-71.8749
sea_099.jpg,8,#0D9CEF,13,156,239,202.11,94.52,93.61,6.93,61.5855,-3.6897,-50.9129
sea_099.jpg,9,#0756BF,7,86,191,214.19,96.29,75.04,6.79,38.7806,20.7191,-60.7065
sea_099.jpg,10,#20BDF3,32,189,243,195.26,86.98,95.27,3.89,71.7217,-19.7748,-37.3026
sea_100.jpg,1,#161E53,22,30,83,231.93,73.39,32.54,17.45,14.0464,16.4322,-33.2922
sea_100.jpg,2,#2A65EB,42,101,235,221.57,82.02,92.16,17.37,46.8299,29.7794,-72.5613
sea_100.jpg,3,#2D4277,45,66,119,223.18,62.34,46.81,12.09,28.8311,9.8441,-33.1629
sea_100.jpg,4,#2D53C8,45,83,200,225.28,77.3,78.4,10.23,39.5246,28.6304,-64.4437
sea_100.jpg,5,#202479,32,36,121,237.19,73.28,47.4,9.82,19.95,28.4408,-48.5261
sea_100.jpg,6,#243655,36,54,85,218.11,58.28,33.47,9.75,22.4588,3.2903,-21.3686
sea_100.jpg,7,#3E607B,62,96,123,206.37,49.77,48.21,8.89,39.2688,-4.3585,-18.9367
sea_100.jpg,8,#3353A6,51,83,166,223.26,69.5,65.27,6.19,37.2238,16.9553,-48.4797
sea_100.jpg,9,#557CB0,85,124,176,214.27,51.5,68.89,5.84,51.2373,1.3578,-31.5544
sea_100.jpg,10,#6AB9E3,106,185,227,201.02,53.45,89.19,2.37,71.729,-12.5234,-28.7261
