image_name,colour_rank,hex,red,green,blue,lab_l,lab_a,lab_b
sea_001.jpg,1,#012F44,1,47,68,17.56,-5.59,-17.34
sea_001.jpg,2,#17B4D7,23,180,215,67.71,-24.78,-28.23
sea_001.jpg,3,#02445F,2,68,95,26.54,-7.58,-21.29
sea_001.jpg,4,#42D2EB,66,210,235,77.89,-29.46,-23.41
sea_001.jpg,5,#1395B5,19,149,181,56.89,-20.58,-25.75
sea_001.jpg,6,#187899,24,120,153,47.0,-14.88,-24.86
sea_001.jpg,7,#0A98C9,10,152,201,58.74,-15.56,-34.54
sea_001.jpg,8,#0479AC,4,121,172,47.98,-9.16,-34.9
sea_001.jpg,9,#145D77,20,93,119,36.56,-11.86,-20.72
sea_001.jpg,10,#055B85,5,91,133,36.44,-6.49,-29.59
sea_002.jpg,1,#034C76,3,76,118,30.58,-2.81,-29.86
sea_002.jpg,2,#14789C,20,120,156,46.98,-13.79,-26.81
sea_002.jpg,3,#06638D,6,99,141,39.38,-8.18,-29.61
sea_002.jpg,4,#022344,2,35,68,13.41,3.11,-24.09
sea_002.jpg,5,#1A94B6,26,148,182,56.76,-19.29,-26.66
sea_002.jpg,6,#023761,2,55,97,22.24,2.11,-29.47
sea_002.jpg,7,#2AB6D3,42,182,211,68.5,-25.91,-24.88
sea_002.jpg,8,#155674,21,86,116,34.32,-8.82,-22.73
sea_002.jpg,9,#0E354E,14,53,78,20.85,-3.8,-19.05
sea_002.jpg,10,#5AD8EB,90,216,235,80.31,-29.15,-19.68
sea_003.jpg,1,#073444,7,52,68,19.82,-8.39,-13.76
sea_003.jpg,2,#044E5A,4,78,90,29.91,-15.36,-13.06
sea_003.jpg,3,#065C67,6,92,103,35.23,-18.43,-12.8
sea_003.jpg,4,#064150,6,65,80,25.09,-11.86,-13.78
sea_003.jpg,5,#0B6A74,11,106,116,40.75,-21.32,-12.4
sea_003.jpg,6,#0A787F,10,120,127,45.7,-24.61,-11.77
sea_003.jpg,7,#108B8E,16,139,142,52.3,-28.59,-10.66
sea_003.jpg,8,#517F86,81,127,134,50.42,-13.95,-8.79
sea_003.jpg,9,#125F98,18,95,152,38.81,-0.14,-37.52
sea_003.jpg,10,#77B8D0,119,184,208,71.52,-14.73,-18.62
sea_004.jpg,1,#212A3E,33,42,62,17.22,2.46,-14.1
sea_004.jpg,2,#1D253E,29,37,62,15.16,4.41,-16.7
sea_004.jpg,3,#242E49,36,46,73,19.41,3.91,-17.66
sea_004.jpg,4,#334056,51,64,86,26.98,1.2,-14.97
sea_004.jpg,5,#2A354A,42,53,74,21.98,1.7,-14.26
sea_004.jpg,6,#2D3954,45,57,84,24.06,3.19,-17.94
sea_004.jpg,7,#475672,71,86,114,36.48,1.62,-17.45
sea_004.jpg,8,#3E4C63,62,76,99,32.04,0.84,-15.37
sea_004.jpg,9,#394663,57,70,99,29.92,2.86,-18.52
sea_004.jpg,10,#596680,89,102,128,43.15,1.31,-16.09
sea_005.jpg,1,#012C3D,1,44,61,16.14,-6.9,-14.62
sea_005.jpg,2,#01313E,1,49,62,18.19,-9.5,-12.69
sea_005.jpg,3,#013748,1,55,72,20.68,-8.84,-15.48
sea_005.jpg,4,#013246,1,50,70,18.85,-6.47,-17.15
sea_005.jpg,5,#013E4D,1,62,77,23.52,-11.22,-14.47
sea_005.jpg,6,#013F55,1,63,85,24.3,-8.48,-18.65
sea_005.jpg,7,#01495C,1,73,92,28.09,-12.08,-16.76
sea_005.jpg,8,#01566C,1,86,108,33.61,-13.59,-18.9
sea_005.jpg,9,#014E67,1,78,103,30.38,-10.62,-20.4
sea_005.jpg,10,#01647C,1,100,124,38.7,-15.28,-20.5
sea_006.jpg,1,#023B65,2,59,101,23.81,1.01,-29.46
sea_006.jpg,2,#012951,1,41,81,16.39,4.45,-27.87
sea_006.jpg,3,#034B73,3,75,115,30.3,-4.04,-28.18
sea_006.jpg,4,#011A44,1,26,68,10.37,9.73,-28.96
sea_006.jpg,5,#05628C,5,98,140,39.09,-8.09,-29.59
sea_006.jpg,6,#077AA6,7,122,166,47.85,-11.5,-31.68
sea_006.jpg,7,#1093BB,16,147,187,56.64,-17.44,-30.06
sea_006.jpg,8,#22B4E2,34,180,226,68.23,-20.55,-33.26
sea_006.jpg,9,#022E64,2,46,100,19.57,9.52,-35.5
sea_006.jpg,10,#025086,2,80,134,33.01,0.62,-35.64
sea_007.jpg,1,#192D44,25,45,68,17.78,0.66,-17.36
sea_007.jpg,2,#203C5C,32,60,92,24.67,0.75,-22.59
sea_007.jpg,3,#6C95CC,108,149,204,60.9,0.74,-32.31
sea_007.jpg,4,#85A9DB,133,169,219,68.25,0.54,-29.43
sea_007.jpg,5,#5582B9,85,130,185,53.41,0.84,-33.72
sea_007.jpg,6,#406FA6,64,111,166,46.01,1.22,-34.31
sea_007.jpg,7,#315D8F,49,93,143,38.79,1.08,-31.62
sea_007.jpg,8,#9FBCE9,159,188,233,75.67,0.37,-25.69
sea_007.jpg,9,#274C76,39,76,118,31.7,0.98,-27.71
sea_007.jpg,10,#B9D0F2,185,208,242,82.71,-0.21,-19.64
sea_008.jpg,1,#0D3142,13,49,66,18.63,-5.72,-14.79
sea_008.jpg,2,#0B334D,11,51,77,20.05,-3.53,-19.37
sea_008.jpg,3,#679DC7,103,157,199,62.55,-6.16,-27.33
sea_008.jpg,4,#358CD3,53,140,211,56.31,-2.0,-43.72
sea_008.jpg,5,#4D97D0,77,151,208,60.25,-5.94,-35.78
sea_008.jpg,6,#5285B2,82,133,178,53.78,-4.11,-28.81
sea_008.jpg,7,#2273B9,34,115,185,47.25,1.15,-43.48
sea_008.jpg,8,#0A3B5E,10,59,94,23.66,-1.17,-25.5
sea_008.jpg,9,#3980BA,57,128,186,51.79,-3.39,-36.85
sea_008.jpg,10,#0E4C81,14,76,129,31.59,2.19,-35.01
sea_009.jpg,1,#99C4E7,153,196,231,77.38,-6.18,-21.96
sea_009.jpg,2,#AFCEE4,175,206,228,81.2,-5.41,-14.55
sea_009.jpg,3,#80B5E4,128,181,228,71.66,-5.19,-28.85
sea_009.jpg,4,#6994B9,105,148,185,59.48,-4.6,-23.83
sea_009.jpg,5,#659DDA,101,157,218,63.28,-1.04,-36.61
sea_009.jpg,6,#4576A4,69,118,164,48.12,-2.59,-29.43
sea_009.jpg,7,#90B0CB,144,176,203,70.54,-4.75,-17.21
sea_009.jpg,8,#2A588E,42,88,142,36.67,3.4,-34.87
sea_009.jpg,9,#0E3972,14,57,114,24.47,8.96,-36.92
sea_009.jpg,10,#011851,1,24,81,10.84,17.67,-37.01
sea_010.jpg,1,#12666F,18,102,111,39.34,-20.41,-11.53
sea_010.jpg,2,#20747C,32,116,124,44.68,-21.67,-11.24
sea_010.jpg,3,#085962,8,89,98,34.15,-18.34,-11.7
sea_010.jpg,4,#2A838A,42,131,138,50.3,-23.5,-11.29
sea_010.jpg,5,#044C56,4,76,86,28.91,-15.78,-11.77
sea_010.jpg,6,#43959B,67,149,155,57.21,-23.15,-10.55
sea_010.jpg,7,#63A3A7,99,163,167,63.01,-19.53,-8.56
sea_010.jpg,8,#4A8A8F,74,138,143,53.52,-18.89,-9.41
sea_010.jpg,9,#023C46,2,60,70,22.49,-12.78,-11.21
sea_010.jpg,10,#84B7BA,132,183,186,71.16,-16.26,-6.63
sea_011.jpg,1,#0C3461,12,52,97,21.45,5.43,-30.95
sea_011.jpg,2,#052146,5,33,70,12.99,5.99,-25.98
sea_011.jpg,3,#021A49,2,26,73,10.84,12.27,-31.58
sea_011.jpg,4,#074781,7,71,129,29.64,5.34,-37.86
sea_011.jpg,5,#065AA1,6,90,161,37.55,5.95,-44.54
sea_011.jpg,6,#087BC5,8,123,197,49.72,-0.45,-46.19
sea_011.jpg,7,#033271,3,50,113,22.1,12.63,-40.29
sea_011.jpg,8,#0C9CE3,12,156,227,61.17,-8.42,-45.08
sea_011.jpg,9,#28BAF0,40,186,240,70.74,-18.32,-37.42
sea_011.jpg,10,#2C658E,44,101,142,40.81,-4.58,-28.07
sea_012.jpg,1,#01223B,1,34,59,12.34,-0.75,-19.29
sea_012.jpg,2,#0C364D,12,54,77,20.97,-4.64,-18.54
sea_012.jpg,3,#0E727D,14,114,125,43.72,-22.16,-13.28
sea_012.jpg,4,#0F5F81,15,95,129,37.48,-9.27,-25.75
sea_012.jpg,5,#4FD1E7,79,209,231,77.95,-28.64,-21.28
sea_012.jpg,6,#1887AF,24,135,175,52.57,-14.98,-29.22
sea_012.jpg,7,#245362,36,83,98,32.83,-10.79,-13.64
sea_012.jpg,8,#20B3DB,32,179,219,67.7,-22.44,-30.43
sea_012.jpg,9,#5799A9,87,153,169,59.5,-16.41,-14.89
sea_012.jpg,10,#9CD9E3,156,217,227,83.14,-17.2,-10.91
sea_013.jpg,1,#AFC3DD,175,195,221,78.11,-1.24,-14.95
sea_013.jpg,2,#97AFC7,151,175,199,70.28,-2.76,-15.17
sea_013.jpg,3,#628AB4,98,138,180,56.29,-2.44,-26.18
sea_013.jpg,4,#9CB5D9,156,181,217,73.13,-0.51,-20.92
sea_013.jpg,5,#2B5D83,43,93,131,37.65,-3.78,-26.26
sea_013.jpg,6,#44739D,68,115,157,46.94,-3.4,-27.38
sea_013.jpg,7,#81A1C6,129,161,198,65.07,-1.58,-22.85
sea_013.jpg,8,#7793AF,119,147,175,59.71,-2.8,-17.9
sea_013.jpg,9,#5A7A99,90,122,153,50.09,-3.37,-20.12
sea_013.jpg,10,#0D4465,13,68,101,27.08,-3.89,-24.36
sea_014.jpg,1,#0C6C76,12,108,118,41.47,-21.61,-12.43
sea_014.jpg,2,#6CC3CB,108,195,203,73.76,-23.75,-12.35
sea_014.jpg,3,#55B2D0,85,178,208,68.31,-18.9,-23.64
sea_014.jpg,4,#2DA8AC,45,168,172,62.98,-30.74,-11.86
sea_014.jpg,5,#269FB7,38,159,183,60.46,-23.66,-21.71
sea_014.jpg,6,#ABDAE9,171,218,233,84.22,-11.81,-12.32
sea_014.jpg,7,#1B85A2,27,133,162,51.41,-18.19,-23.55
sea_014.jpg,8,#0F8B93,15,139,147,52.47,-27.21,-13.05
sea_014.jpg,9,#85CCE6,133,204,230,78.35,-15.52,-20.06
sea_014.jpg,10,#194E56,25,78,86,30.3,-14.45,-9.96
sea_015.jpg,1,#1853A2,24,83,162,36.0,11.8,-47.76
sea_015.jpg,2,#114090,17,64,144,29.02,16.9,-48.41
sea_015.jpg,3,#2167B3,33,103,179,43.24,6.29,-46.16
sea_015.jpg,4,#16478C,22,71,140,30.9,10.42,-42.42
sea_015.jpg,5,#143C72,20,60,114,25.65,7.31,-34.87
sea_015.jpg,6,#1D5997,29,89,151,37.26,4.22,-39.43
sea_015.jpg,7,#103271,16,50,113,22.14,14.2,-40.2
sea_015.jpg,8,#317CC1,49,124,193,50.68,0.24,-42.31
sea_015.jpg,9,#0C2252,12,34,82,14.56,11.74,-31.82
sea_015.jpg,10,#74AEEF,116,174,239,69.45,-0.98,-38.24
sea_016.jpg,1,#5E91D8,94,145,216,59.67,3.68,-41.47
sea_016.jpg,2,#6FA1E4,111,161,228,65.29,1.94,-38.89
sea_016.jpg,3,#82B1EC,130,177,236,70.96,0.01,-34.7
sea_016.jpg,4,#577296,87,114,150,47.39,-0.22,-22.55
sea_016.jpg,5,#91BCE9,145,188,233,74.88,-3.44,-26.91
sea_016.jpg,6,#6E8EB2,110,142,178,57.8,-1.81,-22.46
sea_016.jpg,7,#475A7B,71,90,123,37.98,1.89,-20.97
sea_016.jpg,8,#A3BCD0,163,188,208,75.16,-4.2,-12.83
sea_016.jpg,9,#ABCCE9,171,204,233,80.64,-4.86,-17.61
sea_016.jpg,10,#333C54,51,60,84,25.51,3.15,-15.47
sea_017.jpg,1,#8FA2C8,143,162,200,66.47,1.79,-21.41
sea_017.jpg,2,#A0B2D4,160,178,212,72.23,1.56,-19.3
sea_017.jpg,3,#7E93BA,126,147,186,60.52,2.02,-22.94
sea_017.jpg,4,#6B81AA,107,129,170,53.84,2.28,-24.0
sea_017.jpg,5,#B2C1DF,178,193,223,77.81,1.15,-16.7
sea_017.jpg,6,#5A7098,90,112,152,46.98,2.46,-24.34
sea_017.jpg,7,#4A6085,74,96,133,40.39,2.28,-23.42
sea_017.jpg,8,#3C5172,60,81,114,33.98,1.96,-21.65
sea_017.jpg,9,#2E415F,46,65,95,27.15,1.98,-20.15
sea_017.jpg,10,#1C2D48,28,45,72,18.46,2.12,-18.62
sea_018.jpg,1,#3E639A,62,99,154,41.78,3.89,-33.64
sea_018.jpg,2,#6CA2DF,108,162,223,65.13,-0.71,-36.39
sea_018.jpg,3,#2B5388,43,83,136,34.87,4.48,-33.95
sea_018.jpg,4,#A5BEDB,165,190,219,76.04,-2.32,-17.2
sea_018.jpg,5,#88B3E0,136,179,224,71.44,-2.99,-27.44
sea_018.jpg,6,#2D4953,45,73,83,29.16,-7.4,-9.29
sea_018.jpg,7,#305171,48,81,113,33.19,-1.55,-22.3
sea_018.jpg,8,#5E81B0,94,129,176,53.28,0.65,-28.54
sea_018.jpg,9,#1E334B,30,51,75,20.62,-0.06,-17.48
sea_018.jpg,10,#607A8D,96,122,141,50.02,-4.61,-13.31
sea_019.jpg,1,#166389,22,99,137,39.5,-8.34,-27.51
sea_019.jpg,2,#246F93,36,111,147,43.99,-10.05,-26.15
sea_019.jpg,3,#A0B8CD,160,184,205,73.81,-3.71,-13.28
sea_019.jpg,4,#95B2CE,149,178,206,71.24,-3.48,-17.5
sea_019.jpg,5,#88AACC,136,170,204,68.34,-3.3,-21.16
sea_019.jpg,6,#397B9B,57,123,155,48.68,-10.6,-23.69
sea_019.jpg,7,#045479,4,84,121,33.5,-6.96,-26.88
sea_019.jpg,8,#769DC7,118,157,199,63.42,-2.44,-25.75
sea_019.jpg,9,#789BB3,120,155,179,62.29,-6.49,-16.17
sea_019.jpg,10,#5E8DAB,94,141,171,56.51,-7.58,-20.83
sea_020.jpg,1,#0C6997,12,105,151,41.9,-7.41,-31.88
sea_020.jpg,2,#045D83,4,93,131,36.77,-8.19,-27.83
sea_020.jpg,3,#055C8C,5,92,140,37.04,-4.31,-32.66
sea_020.jpg,4,#054F77,5,79,119,31.52,-4.36,-28.5
sea_020.jpg,5,#3776A2,55,118,162,47.57,-6.2,-29.32
sea_020.jpg,6,#5C89B0,92,137,176,55.41,-4.47,-25.28
sea_020.jpg,7,#809FC2,128,159,194,64.39,-2.29,-21.5
sea_020.jpg,8,#062F4A,6,47,74,18.36,-2.4,-20.59
sea_020.jpg,9,#A3BBD8,163,187,216,75.1,-1.84,-17.12
sea_020.jpg,10,#4B7BB5,75,123,181,50.64,1.44,-35.51
sea_021.jpg,1,#81B2D9,129,178,217,70.61,-6.58,-24.4
sea_021.jpg,2,#8DBBE3,141,187,227,73.94,-5.02,-25.01
sea_021.jpg,3,#74ABD1,116,171,209,67.52,-7.75,-25.11
sea_021.jpg,4,#9BC5EE,155,197,238,77.95,-4.29,-24.64
sea_021.jpg,5,#67A1D1,103,161,209,64.26,-5.89,-30.18
sea_021.jpg,6,#578DC7,87,141,199,57.09,-0.74,-35.58
sea_021.jpg,7,#A3C2E1,163,194,225,77.1,-3.4,-18.7
sea_021.jpg,8,#B1CBE6,177,203,230,80.76,-2.96,-16.27
sea_021.jpg,9,#A0BBCB,160,187,203,74.31,-5.55,-11.16
sea_021.jpg,10,#768E92,118,142,146,57.32,-7.64,-5.23
sea_022.jpg,1,#057096,5,112,150,43.9,-12.23,-27.97
sea_022.jpg,2,#012C43,1,44,67,16.48,-3.91,-18.57
sea_022.jpg,3,#056386,5,99,134,38.91,-10.83,-26.07
sea_022.jpg,4,#013753,1,55,83,21.52,-4.79,-21.12
sea_022.jpg,5,#0F7DA8,15,125,168,49.07,-12.75,-30.42
sea_022.jpg,6,#045574,4,85,116,33.58,-9.4,-23.92
sea_022.jpg,7,#024663,2,70,99,27.47,-7.18,-22.41
sea_022.jpg,8,#4594BE,69,148,190,58.34,-11.41,-28.92
sea_022.jpg,9,#6CA9CF,108,169,207,66.6,-9.45,-25.68
sea_022.jpg,10,#A1C5E4,161,197,228,77.92,-4.81,-19.29
sea_023.jpg,1,#014062,1,64,98,25.32,-3.93,-24.92
sea_023.jpg,2,#014F74,1,79,116,31.51,-6.16,-26.76
sea_023.jpg,3,#025F87,2,95,135,37.7,-7.87,-29.15
sea_023.jpg,4,#012340,1,35,64,13.2,0.61,-21.33
sea_023.jpg,5,#056D99,5,109,153,43.3,-9.64,-30.82
sea_023.jpg,6,#01324D,1,50,77,19.27,-3.45,-21.08
sea_023.jpg,7,#012F51,1,47,81,18.47,0.56,-25.14
sea_023.jpg,8,#1A80AC,26,128,172,50.14,-11.74,-31.26
sea_023.jpg,9,#3A93BF,58,147,191,57.61,-12.34,-30.24
sea_023.jpg,10,#7DBBD7,125,187,215,72.84,-12.82,-20.1
sea_024.jpg,1,#22333E,34,51,62,20.25,-3.58,-9.31
sea_024.jpg,2,#314257,49,66,87,27.36,-0.57,-14.46
sea_024.jpg,3,#3C4B5E,60,75,94,31.21,-0.4,-13.35
sea_024.jpg,4,#1A2E3E,26,46,62,17.84,-2.36,-12.93
sea_024.jpg,5,#1F3750,31,55,80,22.26,-0.72,-17.92
sea_024.jpg,6,#273D4C,39,61,76,24.68,-3.83,-11.96
sea_024.jpg,7,#495668,73,86,104,36.06,-0.43,-12.14
sea_024.jpg,8,#2E3C42,46,60,66,24.18,-3.65,-5.94
sea_024.jpg,9,#2F4769,47,71,105,29.83,1.54,-22.49
sea_024.jpg,10,#52647A,82,100,122,41.61,-1.01,-14.62
sea_025.jpg,1,#02577B,2,87,123,34.46,-7.85,-26.73
sea_025.jpg,2,#035D86,3,93,134,37.23,-7.39,-29.3
sea_025.jpg,3,#015071,1,80,113,31.75,-7.83,-24.91
sea_025.jpg,4,#035D81,3,93,129,36.84,-9.09,-26.83
sea_025.jpg,5,#035176,3,81,118,32.16,-5.85,-27.41
sea_025.jpg,6,#054768,5,71,104,28.4,-5.78,-24.39
sea_025.jpg,7,#08385C,8,56,92,22.41,-0.47,-25.63
sea_025.jpg,8,#3C5C7C,60,92,124,38.05,-2.17,-21.27
sea_025.jpg,9,#4778A2,71,120,162,48.57,-3.8,-27.61
sea_025.jpg,10,#6F829A,111,130,154,53.63,-1.23,-15.14
sea_026.jpg,1,#54B9C0,84,185,192,69.86,-27.46,-12.36
sea_026.jpg,2,#65BFCB,101,191,203,72.5,-23.83,-14.11
sea_026.jpg,3,#74CDD6,116,205,214,77.37,-24.35,-12.87
sea_026.jpg,4,#218993,33,137,147,52.14,-24.65,-13.75
sea_026.jpg,5,#3CA6AD,60,166,173,62.85,-27.71,-12.48
sea_026.jpg,6,#278798,39,135,152,51.76,-21.28,-16.98
sea_026.jpg,7,#167C88,22,124,136,47.37,-22.48,-14.78
sea_026.jpg,8,#3A96A8,58,150,168,57.66,-21.3,-17.3
sea_026.jpg,9,#56ADBF,86,173,191,66.31,-20.99,-17.21
sea_026.jpg,10,#8FDBE2,143,219,226,82.86,-21.59,-11.11
sea_027.jpg,1,#495562,73,85,98,35.56,-1.36,-9.18
sea_027.jpg,2,#525E6A,82,94,106,39.22,-1.41,-8.33
sea_027.jpg,3,#404B58,64,75,88,31.42,-1.28,-9.03
sea_027.jpg,4,#31404E,49,64,78,26.25,-1.64,-10.73
sea_027.jpg,5,#5D6774,93,103,116,43.27,-1.18,-8.31
sea_027.jpg,6,#39485A,57,72,90,30.16,-1.1,-12.26
sea_027.jpg,7,#383C47,56,60,71,25.53,0.99,-7.22
sea_027.jpg,8,#2C323E,44,50,62,20.64,0.89,-8.21
sea_027.jpg,9,#2A394C,42,57,76,23.31,-0.27,-13.7
sea_027.jpg,10,#1E2C3E,30,44,62,17.58,0.28,-13.47
sea_028.jpg,1,#026C91,2,108,145,42.5,-12.01,-27.45
sea_028.jpg,2,#016E9D,1,110,157,43.59,-8.44,-32.83
sea_028.jpg,3,#01628C,1,98,140,38.96,-8.15,-29.78
sea_028.jpg,4,#025F80,2,95,128,37.46,-10.91,-25.2
sea_028.jpg,5,#067AA4,6,122,164,47.94,-12.99,-29.94
sea_028.jpg,6,#017CAB,1,124,171,48.69,-11.14,-33.2
sea_028.jpg,7,#01557C,1,85,124,34.09,-6.62,-28.07
sea_028.jpg,8,#014F6E,1,79,110,31.3,-8.57,-23.67
sea_028.jpg,9,#013D5A,1,61,90,23.93,-5.15,-22.49
sea_028.jpg,10,#6D98B0,109,152,176,60.55,-8.44,-17.3
sea_029.jpg,1,#67D9EC,103,217,236,81.1,-26.9,-19.32
sea_029.jpg,2,#52C9DD,82,201,221,75.25,-27.14,-19.79
sea_029.jpg,3,#2195AB,33,149,171,56.79,-22.93,-20.5
sea_029.jpg,4,#138095,19,128,149,49.29,-20.8,-19.28
sea_029.jpg,5,#37A8C0,55,168,192,63.79,-23.55,-21.32
sea_029.jpg,6,#6DE5F4,109,229,244,84.97,-29.72,-17.29
sea_029.jpg,7,#42B7CE,66,183,206,69.14,-25.22,-21.03
sea_029.jpg,8,#1986A0,25,134,160,51.58,-19.34,-22.33
sea_029.jpg,9,#33A0BF,51,160,191,61.17,-19.9,-25.1
sea_029.jpg,10,#0C728A,12,114,138,44.16,-17.66,-20.4
sea_030.jpg,1,#04323F,4,50,63,18.66,-9.12,-12.57
sea_030.jpg,2,#124351,18,67,81,26.0,-11.03,-12.9
sea_030.jpg,3,#4C7D84,76,125,132,49.4,-14.98,-8.63
sea_030.jpg,4,#6D9093,109,144,147,57.43,-11.57,-5.52
sea_030.jpg,5,#175562,23,85,98,32.98,-14.2,-13.46
sea_030.jpg,6,#2E6A74,46,106,116,41.42,-16.18,-11.24
sea_030.jpg,7,#063D3F,6,61,63,22.86,-15.76,-6.08
sea_030.jpg,8,#385760,56,87,96,35.06,-8.66,-8.92
sea_030.jpg,9,#546E74,84,110,116,44.71,-8.12,-6.41
sea_030.jpg,10,#145355,20,83,85,31.8,-18.47,-6.59
sea_031.jpg,1,#6A96BA,106,150,186,60.4,-5.61,-23.41
sea_031.jpg,2,#5688AD,86,136,173,54.64,-6.37,-24.52
sea_031.jpg,3,#7EA6C7,126,166,199,66.29,-5.01,-21.62
sea_031.jpg,4,#AEC3DD,174,195,221,78.09,-1.49,-15.33
sea_031.jpg,5,#41799E,65,121,158,48.62,-7.2,-25.57
sea_031.jpg,6,#97B1CF,151,177,207,71.26,-2.27,-18.12
sea_031.jpg,7,#29698B,41,105,139,42.03,-9.02,-24.39
sea_031.jpg,8,#215D86,33,93,134,37.59,-4.35,-28.56
sea_031.jpg,9,#0B506D,11,80,109,31.51,-8.41,-22.72
sea_031.jpg,10,#053657,5,54,87,21.44,-1.28,-24.45
sea_032.jpg,1,#98B5CC,152,181,204,72.17,-4.41,-15.23
sea_032.jpg,2,#84A3BF,132,163,191,65.76,-4.14,-17.57
sea_032.jpg,3,#283D43,40,61,67,24.19,-6.12,-6.67
sea_032.jpg,4,#7091B0,112,145,176,58.7,-3.52,-20.25
sea_032.jpg,5,#ACC6DA,172,198,218,78.72,-4.49,-12.74
sea_032.jpg,6,#577995,87,121,149,49.33,-4.23,-19.19
sea_032.jpg,7,#39515B,57,81,91,33.02,-6.52,-8.75
sea_032.jpg,8,#6C8B9E,108,139,158,56.07,-5.99,-13.89
sea_032.jpg,9,#516D7A,81,109,122,44.27,-6.64,-10.49
sea_032.jpg,10,#415F75,65,95,117,38.74,-4.48,-16.1
sea_033.jpg,1,#0D6372,13,99,114,38.2,-17.59,-15.49
sea_033.jpg,2,#43B9BD,67,185,189,69.02,-30.84,-11.81
sea_033.jpg,3,#024B56,2,75,86,28.76,-15.59,-12.22
sea_033.jpg,4,#5FCDD4,95,205,212,76.66,-29.67,-12.77
sea_033.jpg,5,#34A3AC,52,163,172,61.64,-27.67,-13.69
sea_033.jpg,6,#1B798A,27,121,138,46.57,-19.78,-17.0
sea_033.jpg,7,#106D74,16,109,116,41.78,-22.42,-10.94
sea_033.jpg,8,#1F8990,31,137,144,52.19,-26.13,-11.83
sea_033.jpg,9,#2B90A2,43,144,162,55.14,-22.25,-17.71
sea_033.jpg,10,#7AE6EA,122,230,234,85.43,-30.2,-11.67
sea_034.jpg,1,#2C5B93,44,91,147,38.07,3.11,-35.32
sea_034.jpg,2,#1E4A7D,30,74,125,30.84,4.0,-33.3
sea_034.jpg,3,#275582,39,85,130,35.07,0.19,-30.03
sea_034.jpg,4,#366698,54,102,152,42.11,0.07,-32.08
sea_034.jpg,5,#19426A,25,66,106,27.11,0.95,-27.6
sea_034.jpg,6,#0F3460,15,52,96,21.44,4.97,-29.9
sea_034.jpg,7,#0D314F,13,49,79,19.55,-0.83,-21.8
sea_034.jpg,8,#103647,16,54,71,20.69,-6.5,-14.6
sea_034.jpg,9,#1D4964,29,73,100,29.38,-5.5,-20.27
sea_034.jpg,10,#3C4C59,60,76,89,31.36,-2.74,-9.78
sea_035.jpg,1,#40657E,64,101,126,41.03,-5.59,-18.23
sea_035.jpg,2,#31576E,49,87,110,35.05,-6.27,-17.22
sea_035.jpg,3,#23485C,35,72,92,28.91,-6.68,-15.59
sea_035.jpg,4,#4D7490,77,116,144,47.18,-5.92,-19.29
sea_035.jpg,5,#7C95AC,124,149,172,60.56,-3.21,-14.9
sea_035.jpg,6,#6587A2,101,135,162,54.8,-5.09,-18.13
sea_035.jpg,7,#153645,21,54,69,20.81,-6.46,-12.86
sea_035.jpg,8,#93A8BD,147,168,189,67.84,-2.42,-13.24
sea_035.jpg,9,#637B92,99,123,146,50.41,-2.8,-15.35
sea_035.jpg,10,#1D414A,29,65,74,25.28,-9.49,-9.84
sea_036.jpg,1,#08668D,8,102,141,40.28,-9.67,-28.25
sea_036.jpg,2,#065175,6,81,117,32.42,-6.73,-26.16
sea_036.jpg,3,#052D44,5,45,68,17.07,-3.85,-17.95
sea_036.jpg,4,#157CA2,21,124,162,48.43,-13.56,-28.17
sea_036.jpg,5,#043D5D,4,61,93,24.05,-3.56,-23.95
sea_036.jpg,6,#13455B,19,69,91,27.2,-7.99,-17.86
sea_036.jpg,7,#7D9DB0,125,157,176,62.98,-6.47,-13.5
sea_036.jpg,8,#567E93,86,126,147,50.78,-8.37,-15.69
sea_036.jpg,9,#336177,51,97,119,38.96,-9.06,-17.18
sea_036.jpg,10,#9EBACC,158,186,204,73.92,-5.24,-12.48
sea_037.jpg,1,#01273B,1,39,59,14.34,-4.3,-16.43
sea_037.jpg,2,#012C42,1,44,66,16.58,-4.54,-17.85
sea_037.jpg,3,#013651,1,54,81,20.89,-4.58,-21.01
sea_037.jpg,4,#013149,1,49,73,18.7,-4.73,-19.17
sea_037.jpg,5,#013F5F,1,63,95,24.9,-4.67,-23.85
sea_037.jpg,6,#013A58,1,58,88,22.89,-4.47,-22.54
sea_037.jpg,7,#014265,1,66,101,26.37,-4.14,-25.5
sea_037.jpg,8,#01476C,1,71,108,28.41,-4.24,-26.89
sea_037.jpg,9,#1C4248,28,66,72,25.78,-11.63,-7.76
sea_037.jpg,10,#3A6E75,58,110,117,43.32,-15.47,-9.0
sea_038.jpg,1,#18587A,24,88,122,35.09,-7.0,-25.16
sea_038.jpg,2,#186C89,24,108,137,42.26,-13.04,-23.23
sea_038.jpg,3,#053949,5,57,73,21.86,-10.01,-13.92
sea_038.jpg,4,#063F5D,6,63,93,25.02,-5.01,-22.6
sea_038.jpg,5,#4A7C9F,74,124,159,50.01,-6.73,-23.72
sea_038.jpg,6,#125565,18,85,101,33.14,-14.44,-14.74
sea_038.jpg,7,#719CB7,113,156,183,62.15,-7.45,-18.53
sea_038.jpg,8,#26859A,38,133,154,51.18,-19.55,-19.11
sea_038.jpg,9,#39ACB9,57,172,185,64.73,-27.05,-16.26
sea_038.jpg,10,#98C5D5,152,197,213,77.01,-11.11,-12.59
sea_039.jpg,1,#083B42,8,59,66,22.05,-12.81,-9.29
sea_039.jpg,2,#08444B,8,68,75,26.0,-15.4,-8.87
sea_039.jpg,3,#08323D,8,50,61,18.79,-10.04,-10.44
sea_039.jpg,4,#084F52,8,79,82,30.07,-18.58,-7.68
sea_039.jpg,5,#0A5C5E,10,92,94,35.08,-21.43,-7.45
sea_039.jpg,6,#9EC8CA,158,200,202,77.85,-13.65,-5.47
sea_039.jpg,7,#1B7273,27,114,115,43.37,-23.69,-8.13
sea_039.jpg,8,#6CB4B5,108,180,181,68.89,-22.22,-7.65
sea_039.jpg,9,#3F9596,63,149,150,56.77,-25.03,-8.63
sea_039.jpg,10,#476A72,71,106,114,42.51,-10.2,-8.58
sea_040.jpg,1,#192F42,25,47,66,18.5,-2.11,-14.47
sea_040.jpg,2,#164056,22,64,86,25.27,-6.54,-17.24
sea_040.jpg,3,#1E5C71,30,92,113,36.09,-11.99,-17.59
sea_040.jpg,4,#384957,56,73,87,30.23,-2.86,-10.16
sea_040.jpg,5,#2D798C,45,121,140,47.28,-17.06,-16.92
sea_040.jpg,6,#729BA7,114,155,167,61.64,-11.22,-10.27
sea_040.jpg,7,#9AC7D0,154,199,208,77.44,-13.0,-9.09
sea_040.jpg,8,#556E7A,85,110,122,44.93,-5.89,-9.73
sea_040.jpg,9,#3899A9,56,153,169,58.44,-22.78,-16.7
sea_040.jpg,10,#62BCC8,98,188,200,71.39,-23.6,-14.41
sea_041.jpg,1,#03306C,3,48,108,21.04,11.68,-38.57
sea_041.jpg,2,#06447D,6,68,125,28.43,5.85,-37.69
sea_041.jpg,3,#043B86,4,59,134,26.51,15.18,-46.19
sea_041.jpg,4,#075098,7,80,152,34.03,9.03,-45.12
sea_041.jpg,5,#022656,2,38,86,15.83,9.21,-32.21
sea_041.jpg,6,#1362A1,19,98,161,40.38,1.16,-40.12
sea_041.jpg,7,#04456E,4,69,110,28.0,-2.28,-28.46
sea_041.jpg,8,#0A5875,10,88,117,34.8,-10.63,-22.54
sea_041.jpg,9,#246E7E,36,110,126,42.96,-17.1,-15.35
sea_041.jpg,10,#538D94,83,141,148,55.05,-17.02,-9.78
sea_042.jpg,1,#114558,17,69,88,27.09,-9.82,-15.79
sea_042.jpg,2,#063144,6,49,68,18.42,-6.03,-15.91
sea_042.jpg,3,#1E5D71,30,93,113,36.67,-13.16,-16.73
sea_042.jpg,4,#257B8C,37,123,140,47.72,-19.39,-16.45
sea_042.jpg,5,#7295AB,114,149,171,59.91,-6.77,-15.25
sea_042.jpg,6,#4C768A,76,118,138,47.35,-8.83,-15.78
sea_042.jpg,7,#94B4C4,148,180,196,71.45,-7.12,-11.9
sea_042.jpg,8,#5A9CAA,90,156,170,60.47,-17.15,-13.85
sea_042.jpg,9,#154F70,21,79,112,31.61,-5.66,-24.5
sea_042.jpg,10,#34799E,52,121,158,48.03,-9.36,-26.63
sea_043.jpg,1,#B1D3F6,177,211,246,83.18,-3.47,-21.03
sea_043.jpg,2,#BFD8F5,191,216,245,85.5,-2.42,-16.98
sea_043.jpg,3,#A5C6EC,165,198,236,78.78,-2.41,-22.14
sea_043.jpg,4,#91BBE7,145,187,231,74.33,-3.27,-26.26
sea_043.jpg,5,#A0CAF6,160,202,246,79.73,-3.21,-26.26
sea_043.jpg,6,#7AAAD8,122,170,216,67.93,-4.02,-28.03
sea_043.jpg,7,#79B2EA,121,178,234,70.79,-3.7,-33.54
sea_043.jpg,8,#5799CA,87,153,202,60.85,-6.98,-31.36
sea_043.jpg,9,#549EDE,84,158,222,63.09,-4.08,-39.01
sea_043.jpg,10,#6E9BB9,110,155,185,61.96,-7.45,-20.25
sea_044.jpg,1,#05658E,5,101,142,40.12,-9.1,-29.06
sea_044.jpg,2,#046185,4,97,133,38.21,-9.97,-26.65
sea_044.jpg,3,#03597A,3,89,122,35.08,-9.74,-24.8
sea_044.jpg,4,#015477,1,84,119,33.26,-7.81,-26.03
sea_044.jpg,5,#064C6B,6,76,107,30.08,-7.6,-23.35
sea_044.jpg,6,#123C58,18,60,88,23.73,-3.21,-21.32
sea_044.jpg,7,#4577A4,69,119,164,48.42,-2.97,-29.18
sea_044.jpg,8,#96A9C4,150,169,196,68.61,-0.33,-16.23
sea_044.jpg,9,#718EB4,113,142,180,58.3,-0.75,-23.07
sea_044.jpg,10,#44657E,68,101,126,41.28,-4.57,-17.73
sea_045.jpg,1,#A4B3DC,164,179,220,73.02,3.76,-22.23
sea_045.jpg,2,#7385B0,115,133,176,55.74,3.91,-24.38
sea_045.jpg,3,#8B9CC4,139,156,196,64.35,3.06,-22.33
sea_045.jpg,4,#314162,49,65,98,27.48,4.18,-21.84
sea_045.jpg,5,#596B97,89,107,151,45.43,4.99,-26.27
sea_045.jpg,6,#BBC9EF,187,201,239,81.1,3.18,-20.25
sea_045.jpg,7,#42537F,66,83,127,35.57,6.3,-26.89
sea_045.jpg,8,#25344A,37,52,74,21.43,0.62,-15.52
sea_045.jpg,9,#465978,70,89,120,37.35,1.53,-20.12
sea_045.jpg,10,#607596,96,117,150,48.8,1.11,-20.6
sea_046.jpg,1,#2A3C4D,42,60,77,24.59,-2.39,-12.35
sea_046.jpg,2,#223545,34,53,69,21.18,-2.45,-12.3
sea_046.jpg,3,#334555,51,69,85,28.29,-2.26,-12.18
sea_046.jpg,4,#192D3D,25,45,61,17.54,-2.17,-12.89
sea_046.jpg,5,#3D4F5F,61,79,95,32.61,-2.43,-12.01
sea_046.jpg,6,#97AEBF,151,174,191,69.86,-4.31,-11.31
sea_046.jpg,7,#4C5F70,76,95,112,39.51,-2.9,-11.61
sea_046.jpg,8,#ACC2D4,172,194,212,77.37,-3.62,-11.6
sea_046.jpg,9,#688392,104,131,146,53.12,-5.56,-11.44
sea_046.jpg,10,#13406A,19,64,106,26.26,1.42,-28.97
sea_047.jpg,1,#037D88,3,125,136,47.54,-24.55,-14.12
sea_047.jpg,2,#09ACB1,9,172,177,63.82,-33.92,-12.93
sea_047.jpg,3,#059CA2,5,156,162,58.45,-31.08,-13.08
sea_047.jpg,4,#026E7C,2,110,124,42.32,-20.99,-15.22
sea_047.jpg,5,#038C94,3,140,148,52.85,-28.16,-13.05
sea_047.jpg,6,#0F90A0,15,144,160,54.54,-25.4,-17.44
sea_047.jpg,7,#07778E,7,119,142,45.93,-19.2,-20.09
sea_047.jpg,8,#0FBCBF,15,188,191,69.33,-36.97,-12.45
sea_047.jpg,9,#056075,5,96,117,37.4,-15.85,-18.27
sea_047.jpg,10,#82CFDA,130,207,218,78.66,-20.63,-13.2
sea_048.jpg,1,#0E6368,14,99,104,37.79,-21.27,-9.49
sea_048.jpg,2,#06565B,6,86,91,32.76,-19.32,-9.33
sea_048.jpg,3,#0A505C,10,80,92,30.85,-15.35,-12.96
sea_048.jpg,4,#127375,18,115,117,43.69,-24.61,-8.94
sea_048.jpg,5,#06404D,6,64,77,24.32,-11.81,-13.2
sea_048.jpg,6,#023657,2,54,87,21.28,-1.86,-24.18
sea_048.jpg,7,#064561,6,69,97,27.33,-7.55,-21.2
sea_048.jpg,8,#43797D,67,121,125,47.45,-16.77,-7.82
sea_048.jpg,9,#2E9193,46,145,147,55.08,-27.11,-9.39
sea_048.jpg,10,#7FB1B9,127,177,185,69.14,-14.37,-9.48
sea_049.jpg,1,#0F3143,15,49,67,18.74,-5.34,-14.82
sea_049.jpg,2,#748EAA,116,142,170,58.1,-2.61,-17.32
sea_049.jpg,3,#17485C,23,72,92,28.24,-8.73,-16.74
sea_049.jpg,4,#24637A,36,99,122,39.0,-11.91,-18.74
sea_049.jpg,5,#4F7B94,79,123,148,49.39,-7.86,-18.49
sea_049.jpg,6,#4F687F,79,104,127,42.79,-3.02,-15.76
sea_049.jpg,7,#3B5467,59,84,103,34.36,-3.62,-14.38
sea_049.jpg,8,#687B95,104,123,149,51.14,-0.77,-16.23
sea_049.jpg,9,#2C3A49,44,58,73,23.67,-1.25,-11.02
sea_049.jpg,10,#90A2BC,144,162,188,66.17,-0.46,-15.56
sea_050.jpg,1,#80C4D5,128,196,213,75.43,-17.14,-15.26
sea_050.jpg,2,#99D1E2,153,209,226,80.75,-13.9,-14.2
sea_050.jpg,3,#69B3C4,105,179,196,68.99,-18.78,-15.7
sea_050.jpg,4,#53A0AF,83,160,175,61.75,-19.52,-15.09
sea_050.jpg,5,#357682,53,118,130,46.07,-16.84,-13.13
sea_050.jpg,6,#428A97,66,138,151,53.73,-18.62,-13.74
sea_050.jpg,7,#B7DEEF,183,222,239,86.28,-9.31,-12.34
sea_050.jpg,8,#103947,16,57,71,22.04,-9.05,-12.54
sea_050.jpg,9,#2D636E,45,99,110,38.82,-14.06,-11.83
sea_050.jpg,10,#1F4E5A,31,78,90,30.71,-11.97,-11.61
sea_051.jpg,1,#012590,1,37,144,21.23,34.75,-60.75
sea_051.jpg,2,#012A9A,1,42,154,23.65,35.37,-63.26
sea_051.jpg,3,#011C81,1,28,129,17.54,34.79,-57.77
sea_051.jpg,4,#002E9D,0,46,157,25.0,33.35,-62.52
sea_051.jpg,5,#013191,1,49,145,24.62,26.91,-56.31
sea_051.jpg,6,#013F9C,1,63,156,29.33,21.8,-55.05
sea_051.jpg,7,#0155B0,1,85,176,37.18,15.0,-54.16
sea_051.jpg,8,#0170C4,1,112,196,46.52,5.73,-51.18
sea_051.jpg,9,#028CD7,2,140,215,55.81,-3.87,-47.03
sea_051.jpg,10,#02B2F0,2,178,240,68.2,-16.03,-41.31
sea_052.jpg,1,#A6C8E4,166,200,228,78.97,-4.83,-17.65
sea_052.jpg,2,#91BCDF,145,188,223,74.3,-5.51,-22.17
sea_052.jpg,3,#75ABD7,117,171,215,67.93,-6.35,-27.6
sea_052.jpg,4,#0A7895,10,120,149,46.45,-16.72,-23.62
sea_052.jpg,5,#5297CB,82,151,203,60.22,-6.61,-33.08
sea_052.jpg,6,#237484,35,116,132,45.08,-18.49,-15.71
sea_052.jpg,7,#0B547F,11,84,127,33.8,-3.96,-29.98
sea_052.jpg,8,#046077,4,96,119,37.23,-14.55,-20.02
sea_052.jpg,9,#378A9F,55,138,159,53.54,-18.35,-18.41
sea_052.jpg,10,#033764,3,55,100,22.39,3.54,-30.99
sea_053.jpg,1,#1C2F3C,28,47,60,18.23,-3.24,-10.94
sea_053.jpg,2,#233643,35,54,67,21.55,-3.22,-10.67
sea_053.jpg,3,#293F4E,41,63,78,25.51,-3.86,-11.98
sea_053.jpg,4,#39434E,57,67,78,28.11,-1.4,-7.69
sea_053.jpg,5,#2F3A45,47,58,69,24.02,-1.68,-8.18
sea_053.jpg,6,#444E58,68,78,88,32.5,-1.45,-7.32
sea_053.jpg,7,#1A3D52,26,61,82,24.2,-5.25,-16.46
sea_053.jpg,8,#334B59,51,75,89,30.51,-4.7,-11.48
sea_053.jpg,9,#445C67,68,92,103,37.61,-5.92,-9.15
sea_053.jpg,10,#566970,86,105,112,43.09,-5.06,-6.42
sea_054.jpg,1,#03257E,3,37,126,19.52,27.36,-52.52
sea_054.jpg,2,#021C6A,2,28,106,14.96,25.51,-47.26
sea_054.jpg,3,#022E92,2,46,146,23.77,29.39,-57.8
sea_054.jpg,4,#033FA8,3,63,168,30.38,27.17,-60.83
sea_054.jpg,5,#0552BB,5,82,187,37.2,21.95,-60.84
sea_054.jpg,6,#021557,2,21,87,10.86,22.82,-41.52
sea_054.jpg,7,#010E44,1,14,68,6.68,18.67,-34.68
sea_054.jpg,8,#0D67C9,13,103,201,44.12,14.29,-57.84
sea_054.jpg,9,#1B80D5,27,128,213,52.33,3.88,-51.54
sea_054.jpg,10,#3AA2E2,58,162,226,63.51,-8.41,-41.02
sea_055.jpg,1,#315075,49,80,117,33.44,0.47,-24.6
sea_055.jpg,2,#253953,37,57,83,23.68,0.44,-18.22
sea_055.jpg,3,#2B4564,43,69,100,28.56,0.37,-21.24
sea_055.jpg,4,#3A5D88,58,93,136,38.78,0.67,-27.58
sea_055.jpg,5,#476C9B,71,108,155,44.89,0.64,-29.25
sea_055.jpg,6,#597DAA,89,125,170,51.51,-0.08,-27.72
sea_055.jpg,7,#1F2F44,31,47,68,18.87,0.43,-15.38
sea_055.jpg,8,#6F90B8,111,144,184,58.72,-0.85,-24.71
sea_055.jpg,9,#486586,72,101,134,41.94,-1.38,-21.29
sea_055.jpg,10,#88A5CD,136,165,205,66.99,-0.45,-23.55
sea_056.jpg,1,#668291,102,130,145,52.65,-6.14,-11.38
sea_056.jpg,2,#7491A0,116,145,160,58.55,-6.49,-11.44
sea_056.jpg,3,#597486,89,116,134,47.39,-5.25,-12.78
sea_056.jpg,4,#86A1AE,134,161,174,64.59,-6.3,-9.66
sea_056.jpg,5,#4B6174,75,97,116,40.15,-3.03,-13.41
sea_056.jpg,6,#586A75,88,106,117,43.84,-4.0,-8.25
sea_056.jpg,7,#495663,73,86,99,35.89,-1.99,-9.0
sea_056.jpg,8,#394350,57,67,80,28.17,-0.81,-9.03
sea_056.jpg,9,#2A3543,42,53,67,21.83,-1.07,-9.88
sea_056.jpg,10,#3D4D62,61,77,98,32.05,-0.44,-14.22
sea_057.jpg,1,#324561,50,69,97,28.98,1.03,-18.65
sea_057.jpg,2,#3A506F,58,80,111,33.53,0.93,-20.64
sea_057.jpg,3,#415C80,65,92,128,38.3,0.93,-23.37
sea_057.jpg,4,#2B3A52,43,58,82,24.27,0.98,-16.29
sea_057.jpg,5,#4C6990,76,105,144,43.71,0.77,-24.84
sea_057.jpg,6,#5977A0,89,119,160,49.28,0.63,-25.38
sea_057.jpg,7,#222E41,34,46,65,18.7,0.89,-13.69
sea_057.jpg,8,#6987B1,105,135,177,55.51,0.5,-25.41
sea_057.jpg,9,#7D99C2,125,153,194,62.47,0.58,-24.51
sea_057.jpg,10,#4C607C,76,96,124,40.13,0.18,-18.21
sea_058.jpg,1,#023D62,2,61,98,24.25,-1.64,-26.64
sea_058.jpg,2,#034671,3,70,113,28.23,-1.32,-29.88
sea_058.jpg,3,#022D46,2,45,70,17.02,-3.33,-19.42
sea_058.jpg,4,#043855,4,56,85,22.07,-4.26,-21.56
sea_058.jpg,5,#013253,1,50,83,19.66,-0.84,-24.36
sea_058.jpg,6,#042C3E,4,44,62,16.26,-5.49,-15.43
sea_058.jpg,7,#08476A,8,71,106,28.42,-4.77,-25.22
sea_058.jpg,8,#08537F,8,83,127,33.63,-3.57,-30.67
sea_058.jpg,9,#244454,36,68,84,27.2,-6.74,-12.93
sea_058.jpg,10,#527386,82,115,134,46.76,-7.07,-13.81
sea_059.jpg,1,#7183AD,113,131,173,54.82,3.92,-24.23
sea_059.jpg,2,#8293BC,130,147,188,60.97,3.58,-23.52
sea_059.jpg,3,#4E5F89,78,95,137,40.72,4.9,-25.0
sea_059.jpg,4,#60729F,96,114,159,48.32,5.04,-26.26
sea_059.jpg,5,#3E4D72,62,77,114,33.12,4.76,-23.26
sea_059.jpg,6,#96A5CC,150,165,204,67.94,3.09,-21.28
sea_059.jpg,7,#252D42,37,45,66,18.81,2.68,-14.11
sea_059.jpg,8,#2E3B59,46,59,89,24.9,4.2,-19.93
sea_059.jpg,9,#61708F,97,112,143,47.16,1.87,-18.73
sea_059.jpg,10,#475367,71,83,103,35.07,0.74,-13.31
sea_060.jpg,1,#77A1D5,119,161,213,65.12,-0.43,-30.97
sea_060.jpg,2,#6791CC,103,145,204,59.45,1.91,-34.74
sea_060.jpg,3,#89B1DE,137,177,222,70.95,-2.39,-26.93
sea_060.jpg,4,#557DBA,85,125,186,51.94,4.27,-36.39
sea_060.jpg,5,#46679E,70,103,158,43.33,4.84,-33.42
sea_060.jpg,6,#3B5582,59,85,130,36.18,3.98,-28.03
sea_060.jpg,7,#2E4265,46,66,101,27.72,3.49,-23.27
sea_060.jpg,8,#233147,35,49,71,19.99,1.75,-15.89
sea_060.jpg,9,#5A7AA8,90,122,168,50.6,1.35,-27.95
sea_060.jpg,10,#3B4959,59,73,89,30.57,-1.66,-11.02
sea_061.jpg,1,#3695A1,54,149,161,56.96,-23.5,-14.48
sea_061.jpg,2,#2581A1,37,129,161,50.24,-15.23,-24.62
sea_061.jpg,3,#489CBF,72,156,191,60.66,-14.76,-25.61
sea_061.jpg,4,#267D87,38,125,135,47.98,-21.74,-12.8
sea_061.jpg,5,#64ABB2,100,171,178,65.78,-20.59,-10.47
sea_061.jpg,6,#6C96A4,108,150,164,59.62,-10.75,-12.16
sea_061.jpg,7,#31616D,49,97,109,38.54,-12.77,-11.55
sea_061.jpg,8,#062147,6,33,71,13.06,6.78,-26.78
sea_061.jpg,9,#223B4E,34,59,78,23.76,-3.66,-14.27
sea_061.jpg,10,#2E5C81,46,92,129,37.49,-3.59,-25.25
sea_062.jpg,1,#2C6177,44,97,119,38.63,-10.4,-17.85
sea_062.jpg,2,#23586E,35,88,110,34.86,-9.82,-18.0
sea_062.jpg,3,#306C81,48,108,129,42.66,-12.52,-17.74
sea_062.jpg,4,#3E6B81,62,107,129,42.89,-8.85,-16.99
sea_062.jpg,5,#45778D,69,119,141,47.38,-10.45,-17.09
sea_062.jpg,6,#708C9E,112,140,158,56.81,-5.71,-12.8
sea_062.jpg,7,#5C8498,92,132,152,52.99,-8.26,-15.27
sea_062.jpg,8,#56788B,86,120,139,48.46,-6.86,-14.33
sea_062.jpg,9,#819AAB,129,154,171,62.27,-4.74,-11.84
sea_062.jpg,10,#94ABBC,148,171,188,68.75,-4.12,-11.4
sea_063.jpg,1,#0F6794,15,103,148,41.15,-7.19,-31.28
sea_063.jpg,2,#116A93,17,106,147,42.06,-9.0,-29.44
sea_063.jpg,3,#376E7F,55,110,127,43.53,-13.21,-14.62
sea_063.jpg,4,#A1BBCA,161,187,202,74.49,-5.55,-10.6
sea_063.jpg,5,#92ADC1,146,173,193,69.44,-5.11,-13.0
sea_063.jpg,6,#487A8C,72,122,140,48.46,-11.57,-15.16
sea_063.jpg,7,#24687F,36,104,127,40.86,-13.13,-19.15
sea_063.jpg,8,#7C9DB2,124,157,178,63.13,-6.81,-14.19
sea_063.jpg,9,#628B9C,98,139,156,55.41,-9.42,-13.72
sea_063.jpg,10,#7AA0A8,122,160,168,63.3,-10.91,-8.36
sea_064.jpg,1,#67808C,103,128,140,52.09,-6.13,-9.21
sea_064.jpg,2,#5B7683,91,118,131,47.95,-6.44,-10.18
sea_064.jpg,3,#748B95,116,139,149,56.41,-5.88,-8.25
sea_064.jpg,4,#4E6C7B,78,108,123,44.0,-6.93,-11.53
sea_064.jpg,5,#436272,67,98,114,39.7,-6.51,-12.6
sea_064.jpg,6,#375768,55,87,104,35.14,-6.24,-13.88
sea_064.jpg,7,#2A4B60,42,75,96,30.36,-5.39,-15.75
sea_064.jpg,8,#8198A2,129,152,162,61.48,-6.09,-7.94
sea_064.jpg,9,#1D3D55,29,61,85,24.59,-3.51,-17.99
sea_064.jpg,10,#0E2C47,14,44,71,17.03,-0.09,-20.22
sea_065.jpg,1,#2C333E,44,51,62,20.94,0.44,-8.09
sea_065.jpg,2,#343D48,52,61,72,25.34,-0.57,-7.84
sea_065.jpg,3,#3F4A56,63,74,86,30.86,-1.38,-8.63
sea_065.jpg,4,#415063,65,80,99,33.34,-0.53,-12.97
sea_065.jpg,5,#4B5865,75,88,101,36.66,-1.72,-9.48
sea_065.jpg,6,#364153,54,65,83,27.3,0.23,-12.01
sea_065.jpg,7,#4E6074,78,96,116,39.84,-1.44,-13.54
sea_065.jpg,8,#5C6E7F,92,110,127,45.55,-2.2,-11.7
sea_065.jpg,9,#576571,87,101,113,41.99,-2.4,-8.85
sea_065.jpg,10,#697987,105,121,135,50.08,-2.59,-9.52
sea_066.jpg,1,#006091,0,96,145,38.53,-4.68,-33.72
sea_066.jpg,2,#015984,1,89,132,35.46,-5.48,-30.53
sea_066.jpg,3,#269FD4,38,159,212,61.71,-13.89,-36.1
sea_066.jpg,4,#006BA2,0,107,162,42.84,-4.53,-36.99
sea_066.jpg,5,#0286C3,2,134,195,52.93,-7.87,-40.22
sea_066.jpg,6,#0B93CD,11,147,205,57.51,-11.37,-38.83
sea_066.jpg,7,#51A9D9,81,169,217,65.74,-11.75,-32.36
sea_066.jpg,8,#0177B3,1,119,179,47.68,-5.49,-39.34
sea_066.jpg,9,#72B1DD,114,177,221,69.77,-8.62,-27.97
sea_066.jpg,10,#015072,1,80,114,31.73,-7.52,-25.36
sea_067.jpg,1,#558FC8,85,143,200,57.74,-1.98,-35.27
sea_067.jpg,2,#044279,4,66,121,27.59,4.85,-36.21
sea_067.jpg,3,#6797C7,103,151,199,60.99,-2.82,-29.79
sea_067.jpg,4,#023768,2,55,104,22.66,5.16,-33.11
sea_067.jpg,5,#022F57,2,47,87,19.06,3.15,-28.22
sea_067.jpg,6,#0A406E,10,64,110,26.34,1.98,-31.31
sea_067.jpg,7,#022745,2,39,69,14.8,0.65,-22.32
sea_067.jpg,8,#0F518A,15,81,138,33.61,2.85,-37.28
sea_067.jpg,9,#466D9A,70,109,154,45.11,-0.27,-28.49
sea_067.jpg,10,#8195B2,129,149,178,60.98,-0.16,-17.5
sea_068.jpg,1,#0A5465,10,84,101,32.43,-14.01,-16.09
sea_068.jpg,2,#105E79,16,94,121,37.06,-12.44,-21.17
sea_068.jpg,3,#82A4B4,130,164,180,65.41,-7.57,-12.32
sea_068.jpg,4,#226E7E,34,110,126,42.65,-16.96,-15.96
sea_068.jpg,5,#217591,33,117,145,45.69,-14.62,-22.36
sea_068.jpg,6,#368AA0,54,138,160,53.41,-17.87,-19.41
sea_068.jpg,7,#5E889A,94,136,154,54.28,-9.69,-14.31
sea_068.jpg,8,#9CBECD,156,190,205,74.97,-8.01,-11.5
sea_068.jpg,9,#64A3B6,100,163,182,63.49,-14.79,-16.42
sea_068.jpg,10,#104051,16,64,81,24.97,-9.36,-14.82
sea_069.jpg,1,#0A5C70,10,92,112,35.89,-15.02,-17.5
sea_069.jpg,2,#12697D,18,105,125,40.81,-16.97,-17.68
sea_069.jpg,3,#074F62,7,79,98,30.7,-12.97,-16.61
sea_069.jpg,4,#054152,5,65,82,24.9,-10.38,-15.77
sea_069.jpg,5,#20788B,32,120,139,46.51,-18.6,-17.72
sea_069.jpg,6,#033142,3,49,66,18.3,-7.21,-15.2
sea_069.jpg,7,#3D8896,61,136,150,52.63,-18.61,-14.88
sea_069.jpg,8,#609EA9,96,158,169,61.55,-17.3,-11.83
sea_069.jpg,9,#81B8BF,129,184,191,71.44,-16.1,-9.3
sea_069.jpg,10,#A6D5D9,166,213,217,82.22,-14.23,-6.96
sea_070.jpg,1,#44B9D7,68,185,215,70.05,-23.11,-24.5
sea_070.jpg,2,#6CCDE7,108,205,231,77.72,-21.6,-21.76
sea_070.jpg,3,#013248,1,50,72,19.04,-6.19,-17.59
sea_070.jpg,4,#0B6A8E,11,106,142,41.75,-11.33,-26.99
sea_070.jpg,5,#20A8C9,32,168,201,63.72,-22.78,-26.73
sea_070.jpg,6,#0D4E64,13,78,100,30.4,-10.78,-18.32
sea_070.jpg,7,#208AAD,32,138,173,53.62,-16.69,-26.6
sea_070.jpg,8,#4FA4BA,79,164,186,63.05,-18.94,-19.46
sea_070.jpg,9,#72BFD2,114,191,210,73.32,-19.2,-16.57
sea_070.jpg,10,#347389,52,115,137,45.27,-12.79,-18.53
sea_071.jpg,1,#1F2F3C,31,47,60,18.69,-2.8,-10.2
sea_071.jpg,2,#2E3E4B,46,62,75,25.49,-2.9,-10.04
sea_071.jpg,3,#44535E,68,83,94,34.31,-2.67,-8.57
sea_071.jpg,4,#253643,37,54,67,21.83,-2.8,-10.34
sea_071.jpg,5,#34414A,52,65,74,26.92,-3.05,-6.95
sea_071.jpg,6,#293840,41,56,64,22.45,-3.33,-7.35
sea_071.jpg,7,#384856,56,72,86,29.85,-2.85,-9.94
sea_071.jpg,8,#3E4B53,62,75,83,31.03,-2.77,-6.54
sea_071.jpg,9,#4E5B66,78,91,102,37.91,-2.49,-7.77
sea_071.jpg,10,#596771,89,103,113,42.71,-2.53,-7.74
sea_072.jpg,1,#1E394E,30,57,78,22.9,-3.52,-15.62
sea_072.jpg,2,#284459,40,68,89,27.5,-3.58,-15.73
sea_072.jpg,3,#5D7E99,93,126,153,51.3,-4.16,-18.54
sea_072.jpg,4,#334E63,51,78,99,31.82,-3.57,-15.71
sea_072.jpg,5,#122E41,18,46,65,17.6,-3.09,-15.49
sea_072.jpg,6,#6A88A1,106,136,161,55.3,-4.37,-16.89
sea_072.jpg,7,#7691A6,118,145,166,58.99,-4.62,-14.15
sea_072.jpg,8,#8397A6,131,151,166,61.42,-3.82,-10.07
sea_072.jpg,9,#52718D,82,113,141,46.31,-3.65,-18.81
sea_072.jpg,10,#718594,113,133,148,54.48,-3.69,-10.21
sea_073.jpg,1,#3F4C54,63,76,84,31.62,-3.4,-6.18
sea_073.jpg,2,#77949C,119,148,156,59.42,-8.4,-7.39
sea_073.jpg,3,#61787F,97,120,127,48.88,-6.46,-6.88
sea_073.jpg,4,#303C42,48,60,66,24.38,-2.68,-5.77
sea_073.jpg,5,#4F6169,79,97,105,40.05,-4.86,-6.69
sea_073.jpg,6,#416D76,65,109,118,43.34,-12.38,-9.93
sea_073.jpg,7,#5B848D,91,132,141,52.69,-11.89,-9.4
sea_073.jpg,8,#223D43,34,61,67,23.91,-8.15,-7.28
sea_073.jpg,9,#8DADB4,141,173,180,68.61,-9.11,-7.15
sea_073.jpg,10,#32565E,50,86,94,34.15,-10.33,-8.87
sea_074.jpg,1,#162E3B,22,46,59,17.75,-4.83,-11.07
sea_074.jpg,2,#1B3542,27,53,66,20.75,-5.5,-11.21
sea_074.jpg,3,#243F4D,36,63,77,24.99,-5.51,-11.83
sea_074.jpg,4,#2F4A5A,47,74,90,30.05,-5.51,-12.29
sea_074.jpg,5,#3E5869,62,88,105,36.16,-5.31,-12.4
sea_074.jpg,6,#9FB8CA,159,184,202,73.55,-4.69,-11.87
sea_074.jpg,7,#8EA8BA,142,168,186,67.38,-4.74,-12.38
sea_074.jpg,8,#4F697A,79,105,122,43.01,-5.32,-12.44
sea_074.jpg,9,#7691A2,118,145,162,58.62,-5.13,-12.4
sea_074.jpg,10,#617B8D,97,123,141,50.4,-5.09,-12.43
sea_075.jpg,1,#7CA4BD,124,164,189,65.24,-7.11,-17.43
sea_075.jpg,2,#457896,69,120,150,48.16,-8.47,-21.18
sea_075.jpg,3,#376B7E,55,107,126,42.56,-11.69,-15.84
sea_075.jpg,4,#5F8FAD,95,143,173,57.29,-7.94,-20.81
sea_075.jpg,5,#245763,36,87,99,34.2,-12.87,-12.05
sea_075.jpg,6,#164248,22,66,72,25.52,-12.94,-7.9
sea_075.jpg,7,#9BBBD1,155,187,209,74.24,-5.44,-14.91
sea_075.jpg,8,#2E5A74,46,90,116,36.37,-6.93,-19.47
sea_075.jpg,9,#5B8799,91,135,153,53.85,-10.14,-14.4
sea_075.jpg,10,#193F50,25,63,80,24.81,-7.42,-14.14
sea_076.jpg,1,#596D76,89,109,118,44.71,-5.06,-7.64
sea_076.jpg,2,#647D84,100,125,132,50.73,-7.44,-6.67
sea_076.jpg,3,#6B8190,107,129,144,52.65,-4.46,-10.61
sea_076.jpg,4,#485B63,72,91,99,37.4,-4.89,-7.18
sea_076.jpg,5,#476476,71,100,118,40.84,-5.64,-13.31
sea_076.jpg,6,#567587,86,117,135,47.61,-6.54,-13.39
sea_076.jpg,7,#354750,53,71,80,28.88,-4.39,-7.94
sea_076.jpg,8,#263743,38,55,67,22.2,-3.44,-9.76
sea_076.jpg,9,#385263,56,82,99,33.44,-4.63,-12.96
sea_076.jpg,10,#769099,118,144,153,58.12,-6.77,-8.06
sea_077.jpg,1,#9DC6F0,157,198,240,78.34,-3.52,-25.4
sea_077.jpg,2,#192D41,25,45,65,17.69,-0.79,-15.23
sea_077.jpg,3,#273C53,39,60,83,24.66,-1.16,-16.43
sea_077.jpg,4,#374E67,55,78,103,32.39,-1.54,-17.19
sea_077.jpg,5,#486179,72,97,121,39.96,-2.3,-16.55
sea_077.jpg,6,#A7CAE9,167,202,233,79.77,-4.61,-19.3
sea_077.jpg,7,#6F8699,111,134,153,54.76,-3.6,-13.11
sea_077.jpg,8,#5C748A,92,116,138,47.73,-3.13,-15.1
sea_077.jpg,9,#BAD9F1,186,217,241,85.08,-5.06,-15.08
sea_077.jpg,10,#869AAA,134,154,170,62.44,-3.4,-10.93
sea_078.jpg,1,#011A3D,1,26,61,9.68,6.55,-25.22
sea_078.jpg,2,#031F40,3,31,64,11.65,4.68,-24.11
sea_078.jpg,3,#0C2546,12,37,70,14.72,3.65,-23.03
sea_078.jpg,4,#162E4D,22,46,77,18.5,2.62,-22.34
sea_078.jpg,5,#232F45,35,47,69,19.44,1.43,-14.87
sea_078.jpg,6,#2C3943,44,57,67,23.33,-2.56,-7.78
sea_078.jpg,7,#3B4457,59,68,87,28.84,1.22,-12.6
sea_078.jpg,8,#405056,64,80,86,32.82,-4.79,-5.57
sea_078.jpg,9,#566070,86,96,112,40.38,0.13,-10.13
sea_078.jpg,10,#1A3176,26,49,118,22.66,17.87,-42.3
sea_079.jpg,1,#7F9EB8,127,158,184,63.7,-4.63,-16.99
sea_079.jpg,2,#7196B6,113,150,182,60.48,-4.4,-21.06
sea_079.jpg,3,#8DA2B5,141,162,181,65.61,-3.02,-12.3
sea_079.jpg,4,#346B98,52,107,152,43.68,-3.45,-29.89
sea_079.jpg,5,#195785,25,87,133,35.5,-2.51,-30.92
sea_079.jpg,6,#4F7FA9,79,127,169,51.34,-3.78,-27.52
sea_079.jpg,7,#05426E,5,66,110,26.93,0.03,-30.17
sea_079.jpg,8,#043150,4,49,80,19.32,-1.57,-22.68
sea_079.jpg,9,#5B7286,91,114,134,46.93,-3.29,-13.87
sea_079.jpg,10,#285067,40,80,103,32.03,-6.21,-17.76
sea_080.jpg,1,#9DBCD4,157,188,212,74.65,-5.11,-15.45
sea_080.jpg,2,#3E6E96,62,110,150,44.65,-3.43,-27.03
sea_080.jpg,3,#76A5D1,118,165,209,66.0,-4.13,-27.41
sea_080.jpg,4,#6495C8,100,149,200,60.25,-2.37,-31.32
sea_080.jpg,5,#205881,32,88,129,35.61,-3.49,-28.18
sea_080.jpg,6,#084068,8,64,104,25.96,-1.05,-27.73
sea_080.jpg,7,#88B3D6,136,179,214,71.17,-5.9,-22.0
sea_080.jpg,8,#032A4C,3,42,76,16.47,1.88,-24.72
sea_080.jpg,9,#5C83AB,92,131,171,53.39,-2.68,-25.32
sea_080.jpg,10,#87A1BC,135,161,188,65.1,-2.43,-17.21
sea_081.jpg,1,#4B6B8C,75,107,140,44.03,-2.09,-21.55
sea_081.jpg,2,#8FB3D5,143,179,213,71.54,-3.99,-21.12
sea_081.jpg,3,#3A5777,58,87,119,35.99,-0.84,-21.36
sea_081.jpg,4,#607D9A,96,125,154,51.32,-2.76,-18.98
sea_081.jpg,5,#78A1C6,120,161,198,64.53,-4.16,-23.57
sea_081.jpg,6,#2B4360,43,67,96,27.85,0.12,-19.91
sea_081.jpg,7,#A8C5DF,168,197,223,78.15,-4.06,-16.05
sea_081.jpg,8,#1E3047,30,48,71,19.47,0.17,-16.15
sea_081.jpg,9,#7891AA,120,145,170,59.18,-3.15,-15.95
sea_081.jpg,10,#5D88AE,93,136,174,54.96,-4.13,-24.63
sea_082.jpg,1,#193861,25,56,97,23.24,4.39,-27.99
sea_082.jpg,2,#162B4A,22,43,74,17.39,3.05,-21.64
sea_082.jpg,3,#144A6D,20,74,109,29.71,-3.69,-25.56
sea_082.jpg,4,#0D566D,13,86,109,33.74,-12.24,-19.11
sea_082.jpg,5,#1E6B92,30,107,146,42.66,-9.3,-27.47
sea_082.jpg,6,#103B4D,16,59,77,22.76,-7.34,-15.4
sea_082.jpg,7,#1A84A5,26,132,165,51.18,-16.74,-25.47
sea_082.jpg,8,#076C7D,7,108,125,41.76,-19.5,-16.38
sea_082.jpg,9,#17578C,23,87,140,35.69,0.7,-35.18
sea_082.jpg,10,#708CAA,112,140,170,57.27,-2.67,-18.87
sea_083.jpg,1,#0142B4,1,66,180,32.24,29.78,-64.88
sea_083.jpg,2,#0153C1,1,83,193,37.78,23.64,-63.24
sea_083.jpg,3,#0164CB,1,100,203,43.29,16.33,-60.0
sea_083.jpg,4,#037CD7,3,124,215,51.14,5.93,-54.62
sea_083.jpg,5,#012E76,1,46,118,21.0,18.22,-45.23
sea_083.jpg,6,#1D99E2,29,153,226,60.24,-6.19,-45.74
sea_083.jpg,7,#02204E,2,32,78,13.31,10.01,-31.28
sea_083.jpg,8,#235698,35,86,152,36.49,7.03,-40.84
sea_083.jpg,9,#183856,24,56,86,22.64,-0.89,-21.34
sea_083.jpg,10,#8DB7E5,141,183,229,73.07,-2.73,-27.61
sea_084.jpg,1,#4BA7B7,75,167,183,63.75,-22.36,-16.7
sea_084.jpg,2,#19A9E6,25,169,230,65.08,-13.77,-40.51
sea_084.jpg,3,#0398DD,3,152,221,59.57,-8.43,-44.3
sea_084.jpg,4,#59BBED,89,187,237,72.07,-13.91,-33.67
sea_084.jpg,5,#0186D5,1,134,213,53.75,-0.77,-49.16
sea_084.jpg,6,#89C3EA,137,195,234,76.23,-9.05,-25.13
sea_084.jpg,7,#0171CA,1,113,202,47.06,7.26,-53.21
sea_084.jpg,8,#3D8D9B,61,141,155,54.36,-19.99,-14.67
sea_084.jpg,9,#279ABD,39,154,189,59.09,-18.86,-27.14
sea_084.jpg,10,#235973,35,89,115,35.57,-8.75,-20.04
sea_085.jpg,1,#0C5761,12,87,97,33.57,-17.67,-11.47
sea_085.jpg,2,#10606F,16,96,111,37.1,-16.88,-15.08
sea_085.jpg,3,#034A53,3,74,83,28.32,-16.36,-10.56
sea_085.jpg,4,#0F637E,15,99,126,38.7,-13.0,-21.83
sea_085.jpg,5,#94C0D5,148,192,213,75.38,-9.91,-14.91
sea_085.jpg,6,#A4C7D2,164,199,210,77.98,-9.07,-9.6
sea_085.jpg,7,#83B6D2,131,182,210,71.49,-9.89,-19.36
sea_085.jpg,8,#2F7595,47,117,149,46.22,-11.15,-23.65
sea_085.jpg,9,#8DADBD,141,173,189,69.02,-7.65,-11.45
sea_085.jpg,10,#5D90AB,93,144,171,57.39,-9.86,-19.51
sea_086.jpg,1,#A4BBDB,164,187,219,75.15,-0.79,-18.54
sea_086.jpg,2,#95ACCE,149,172,206,69.6,-0.07,-19.93
sea_086.jpg,3,#273652,39,54,82,22.55,2.77,-19.04
sea_086.jpg,4,#869DBF,134,157,191,64.11,-0.02,-20.44
sea_086.jpg,5,#1C2942,28,41,66,16.84,3.0,-17.48
sea_086.jpg,6,#405577,64,85,119,35.69,2.15,-22.04
sea_086.jpg,7,#334565,51,69,101,29.06,2.86,-21.03
sea_086.jpg,8,#4E6589,78,101,137,42.35,1.59,-22.88
sea_086.jpg,9,#748CB0,116,140,176,57.7,-0.07,-21.34
sea_086.jpg,10,#5E779C,94,119,156,49.47,0.83,-22.71
sea_087.jpg,1,#497CAB,73,124,171,50.44,-2.81,-30.42
sea_087.jpg,2,#5388B6,83,136,182,54.78,-3.91,-29.65
sea_087.jpg,3,#3F70A1,63,112,161,46.03,-1.47,-30.98
sea_087.jpg,4,#5F94C1,95,148,193,59.43,-4.69,-28.9
sea_087.jpg,5,#6EA1CD,110,161,205,64.37,-5.08,-27.67
sea_087.jpg,6,#2B5582,43,85,130,35.4,0.53,-29.42
sea_087.jpg,7,#376496,55,100,150,41.46,0.72,-32.05
sea_087.jpg,8,#35628E,53,98,142,40.4,-1.5,-28.68
sea_087.jpg,9,#82B1DA,130,177,218,70.29,-5.17,-25.7
sea_087.jpg,10,#20476D,32,71,109,29.22,-0.46,-25.85
sea_088.jpg,1,#01539E,1,83,158,35.38,9.04,-46.71
sea_088.jpg,2,#124A97,18,74,151,32.54,12.84,-46.97
sea_088.jpg,3,#1D4394,29,67,148,30.55,17.34,-48.05
sea_088.jpg,4,#005CA5,0,92,165,38.54,5.98,-45.75
sea_088.jpg,5,#0066AD,0,102,173,41.87,2.86,-44.74
sea_088.jpg,6,#0072B7,0,114,183,46.12,-0.62,-43.89
sea_088.jpg,7,#0D5094,13,80,148,33.84,7.33,-42.69
sea_088.jpg,8,#005D9A,0,93,154,38.23,0.32,-39.27
sea_088.jpg,9,#0082C6,0,130,198,51.75,-4.44,-43.54
sea_088.jpg,10,#0070A7,0,112,167,44.71,-5.93,-36.7
sea_089.jpg,1,#8AADDF,138,173,223,69.87,0.69,-29.12
sea_089.jpg,2,#03447F,3,68,127,28.73,5.75,-38.1
sea_089.jpg,3,#A8BFE0,168,191,224,76.54,-0.55,-19.14
sea_089.jpg,4,#055863,5,88,99,33.74,-17.47,-13.09
sea_089.jpg,5,#07578D,7,87,141,35.61,-0.31,-36.04
sea_089.jpg,6,#739AD1,115,154,209,62.82,1.39,-32.35
sea_089.jpg,7,#0A5395,10,83,149,34.79,5.58,-41.71
sea_089.jpg,8,#3279AE,50,121,174,48.65,-4.18,-34.58
sea_089.jpg,9,#21707B,33,112,123,43.25,-19.58,-12.72
sea_089.jpg,10,#739AB2,115,154,178,61.63,-7.27,-17.02
sea_090.jpg,1,#4D8396,77,131,150,51.88,-12.53,-15.64
sea_090.jpg,2,#2A6579,42,101,121,39.73,-12.16,-17.27
sea_090.jpg,3,#678B9D,103,139,157,55.91,-8.07,-13.58
sea_090.jpg,4,#487185,72,113,133,45.45,-8.7,-15.44
sea_090.jpg,5,#34778B,52,119,139,46.54,-14.66,-17.26
sea_090.jpg,6,#8199A9,129,153,169,61.79,-4.43,-11.49
sea_090.jpg,7,#64778A,100,119,138,49.27,-2.55,-12.41
sea_090.jpg,8,#4A586B,74,88,107,37.09,-0.69,-12.45
sea_090.jpg,9,#2A5164,42,81,100,32.45,-7.44,-15.38
sea_090.jpg,10,#2D3B4B,45,59,75,24.19,-0.79,-11.65
sea_091.jpg,1,#024D71,2,77,113,30.68,-6.18,-26.07
sea_091.jpg,2,#013F61,1,63,97,24.93,-3.76,-24.93
sea_091.jpg,3,#196A8D,25,106,141,41.99,-10.96,-25.6
sea_091.jpg,4,#0A5B7F,10,91,127,36.25,-8.72,-26.17
sea_091.jpg,5,#317B9B,49,123,155,48.57,-12.33,-23.77
sea_091.jpg,6,#498CA8,73,140,168,55.01,-12.87,-21.36
sea_091.jpg,7,#A6C8D3,166,200,211,78.46,-8.59,-9.39
sea_091.jpg,8,#90BAC9,144,186,201,73.03,-10.42,-12.14
sea_091.jpg,9,#609BB3,96,155,179,61.07,-12.92,-18.37
sea_091.jpg,10,#78ABBE,120,171,190,67.27,-12.16,-15.14
sea_092.jpg,1,#87A8C6,135,168,198,67.39,-3.75,-19.22
sea_092.jpg,2,#A7BED9,167,190,217,76.26,-2.0,-16.01
sea_092.jpg,3,#054060,5,64,96,25.45,-4.72,-23.42
sea_092.jpg,4,#074E77,7,78,119,31.4,-3.66,-29.02
sea_092.jpg,5,#023046,2,48,70,18.29,-5.3,-18.0
sea_092.jpg,6,#6999C1,105,153,193,61.44,-5.49,-25.68
sea_092.jpg,7,#5585A6,85,133,166,53.4,-6.94,-22.59
sea_092.jpg,8,#116295,17,98,149,39.71,-3.87,-33.98
sea_092.jpg,9,#377DAC,55,125,172,50.01,-6.53,-31.57
sea_092.jpg,10,#2A6689,42,102,137,40.95,-7.58,-24.95
sea_093.jpg,1,#093951,9,57,81,22.19,-5.82,-18.82
sea_093.jpg,2,#032A41,3,42,65,15.77,-3.41,-18.05
sea_093.jpg,3,#164861,22,72,97,28.65,-7.34,-19.4
sea_093.jpg,4,#255A75,37,90,117,35.84,-8.02,-20.92
sea_093.jpg,5,#557F9C,85,127,156,51.39,-6.72,-19.85
sea_093.jpg,6,#6D9AB5,109,154,181,61.39,-7.92,-19.05
sea_093.jpg,7,#2E7090,46,112,144,44.55,-10.21,-23.61
sea_093.jpg,8,#406A84,64,106,132,42.84,-6.77,-18.93
sea_093.jpg,9,#488AA9,72,138,169,54.46,-11.87,-22.81
sea_093.jpg,10,#8FB2C9,143,178,201,70.86,-6.33,-15.69
sea_094.jpg,1,#177884,23,120,132,46.16,-22.1,-14.04
sea_094.jpg,2,#0E6D77,14,109,119,41.91,-21.59,-12.67
sea_094.jpg,3,#218490,33,132,144,50.48,-22.88,-14.71
sea_094.jpg,4,#36909A,54,144,154,55.01,-22.87,-13.54
sea_094.jpg,5,#136368,19,99,104,38.1,-21.15,-8.96
sea_094.jpg,6,#297074,41,112,116,43.33,-20.44,-8.8
sea_094.jpg,7,#035759,3,87,89,33.18,-21.23,-7.31
sea_094.jpg,8,#387F84,56,127,132,49.06,-20.26,-9.8
sea_094.jpg,9,#52999E,82,153,158,58.85,-20.75,-9.71
sea_094.jpg,10,#69A6A8,105,166,168,64.17,-19.08,-7.22
sea_095.jpg,1,#022E41,2,46,65,17.34,-6.43,-15.8
sea_095.jpg,2,#043A52,4,58,82,22.63,-6.75,-18.99
sea_095.jpg,3,#0A4863,10,72,99,28.51,-8.04,-20.96
sea_095.jpg,4,#155875,21,88,117,34.83,-9.63,-22.02
sea_095.jpg,5,#5C88A3,92,136,163,54.66,-7.76,-19.05
sea_095.jpg,6,#437996,67,121,150,48.41,-9.4,-20.84
sea_095.jpg,7,#7296AE,114,150,174,60.25,-6.03,-16.85
sea_095.jpg,8,#296986,41,105,134,41.64,-10.4,-22.24
sea_095.jpg,9,#87A4BA,135,164,186,65.87,-4.6,-14.61
sea_095.jpg,10,#9DB3C7,157,179,199,71.88,-3.16,-12.93
sea_096.jpg,1,#0006AB,0,6,171,20.36,56.93,-78.95
sea_096.jpg,2,#010FBD,1,15,189,23.69,59.67,-84.14
sea_096.jpg,3,#011CD0,1,28,208,27.79,60.59,-88.45
sea_096.jpg,4,#000385,0,3,133,14.13,47.81,-65.94
sea_096.jpg,5,#000499,0,4,153,17.39,52.65,-72.81
sea_096.jpg,6,#000375,0,3,117,11.53,43.09,-59.77
sea_096.jpg,7,#000363,0,3,99,8.71,38.03,-53.1
sea_096.jpg,8,#023EEE,2,62,238,37.19,53.4,-90.11
sea_096.jpg,9,#045FF4,4,95,244,45.24,35.94,-80.5
sea_096.jpg,10,#2E9CF0,46,156,240,62.1,-1.42,-50.59
sea_097.jpg,1,#1A76B5,26,118,181,47.67,-3.01,-40.11
sea_097.jpg,2,#0171BA,1,113,186,46.15,0.98,-45.69
sea_097.jpg,3,#092C48,9,44,72,17.24,-0.9,-20.68
sea_097.jpg,4,#0F3E63,15,62,99,25.14,-0.59,-26.41
sea_097.jpg,5,#3F5067,63,80,103,33.5,-0.36,-15.45
sea_097.jpg,6,#0160AC,1,96,172,40.28,5.88,-46.84
sea_097.jpg,7,#506884,80,104,132,43.19,-1.54,-18.05
sea_097.jpg,8,#6885A3,104,133,163,54.51,-2.88,-18.82
sea_097.jpg,9,#303B4C,48,59,76,24.67,0.23,-11.69
sea_097.jpg,10,#91AAC4,145,170,196,68.69,-2.85,-16.18
sea_098.jpg,1,#60868D,96,134,141,53.32,-11.1,-8.17
sea_098.jpg,2,#789DA4,120,157,164,62.27,-10.65,-7.99
sea_098.jpg,3,#8AB1B9,138,177,185,69.66,-11.33,-8.41
sea_098.jpg,4,#475E6B,71,94,107,38.51,-5.23,-10.13
sea_098.jpg,5,#476F76,71,111,118,44.34,-12.32,-8.09
sea_098.jpg,6,#5E7482,94,116,130,47.6,-4.67,-10.1
sea_098.jpg,7,#223741,34,55,65,21.71,-5.12,-9.02
sea_098.jpg,8,#334A56,51,74,86,30.05,-5.37,-9.84
sea_098.jpg,9,#778F9B,119,143,155,57.92,-5.42,-9.28
sea_098.jpg,10,#A8CAD5,168,202,213,79.32,-9.3,-9.03
sea_099.jpg,1,#93AFC8,147,175,200,70.12,-3.93,-15.88
sea_099.jpg,2,#A4BDD4,164,189,212,75.46,-3.34,-14.54
sea_099.jpg,3,#809FBA,128,159,186,64.19,-4.3,-17.21
sea_099.jpg,4,#6E90AC,110,144,172,58.24,-4.7,-18.65
sea_099.jpg,5,#5D809D,93,128,157,52.11,-4.55,-19.63
sea_099.jpg,6,#B4CBE2,180,203,226,80.8,-3.23,-13.53
sea_099.jpg,7,#4C708E,76,112,142,45.78,-4.08,-20.61
sea_099.jpg,8,#3B5F7D,59,95,125,38.69,-3.73,-20.84
sea_099.jpg,9,#264A67,38,74,103,30.1,-2.84,-21.0
sea_099.jpg,10,#122E4B,18,46,75,18.17,1.19,-21.56
sea_100.jpg,1,#0B2341,11,35,65,13.44,3.52,-22.14
sea_100.jpg,2,#2E94EC,46,148,236,59.66,2.01,-52.67
sea_100.jpg,3,#087CDE,8,124,222,51.46,9.03,-57.97
sea_100.jpg,4,#033A7B,3,58,123,25.11,11.77,-41.75
sea_100.jpg,5,#0362C5,3,98,197,42.43,15.29,-58.17
sea_100.jpg,6,#044BA0,4,75,160,33.18,14.99,-50.99
sea_100.jpg,7,#71A5F0,113,165,240,67.14,3.54,-42.62
sea_100.jpg,8,#042E5F,4,46,95,19.1,7.8,-32.94
sea_100.jpg,9,#ABB8F1,171,184,241,75.72,8.27,-29.89
sea_100.jpg,10,#5273A8,82,115,168,48.15,3.75,-32.08
